file,line,type,commit,author,date,time,timezone,datetime,depth,length
style.css,1,css,908f7a01,namtpham26,2025-10-09,07:03:32,-07:00,2025-10-09T07:03:32-07:00,0,5
style.css,2,css,908f7a01,namtpham26,2025-10-09,07:03:32,-07:00,2025-10-09T07:03:32-07:00,2,31
style.css,3,css,ecb8fb73,namtpham26,2025-10-14,18:12:55,-07:00,2025-10-14T18:12:55-07:00,2,39
style.css,4,css,908f7a01,namtpham26,2025-10-09,07:03:32,-07:00,2025-10-09T07:03:32-07:00,0,0
style.css,5,css,908f7a01,namtpham26,2025-10-09,07:03:32,-07:00,2025-10-09T07:03:32-07:00,0,0
style.css,6,css,908f7a01,namtpham26,2025-10-09,07:03:32,-07:00,2025-10-09T07:03:32-07:00,0,4
style.css,7,css,908f7a01,namtpham26,2025-10-09,07:03:32,-07:00,2025-10-09T07:03:32-07:00,2,32
style.css,8,css,ecb8fb73,namtpham26,2025-10-14,18:12:55,-07:00,2025-10-14T18:12:55-07:00,2,23
style.css,9,css,908f7a01,namtpham26,2025-10-09,07:03:32,-07:00,2025-10-09T07:03:32-07:00,0,0
style.css,10,css,908f7a01,namtpham26,2025-10-09,07:03:32,-07:00,2025-10-09T07:03:32-07:00,0,0
style.css,11,css,018338c1,namtpham26,2025-10-03,03:48:20,-07:00,2025-10-03T03:48:20-07:00,0,4
style.css,12,css,018338c1,namtpham26,2025-10-03,03:48:20,-07:00,2025-10-03T03:48:20-07:00,2,88
style.css,13,css,018338c1,namtpham26,2025-10-03,03:48:20,-07:00,2025-10-03T03:48:20-07:00,4,0
style.css,14,css,908f7a01,namtpham26,2025-10-09,07:03:32,-07:00,2025-10-09T07:03:32-07:00,2,25
style.css,15,css,908f7a01,namtpham26,2025-10-09,07:03:32,-07:00,2025-10-09T07:03:32-07:00,2,16
style.css,16,css,908f7a01,namtpham26,2025-10-09,07:03:32,-07:00,2025-10-09T07:03:32-07:00,2,16
style.css,17,css,908f7a01,namtpham26,2025-10-09,07:03:32,-07:00,2025-10-09T07:03:32-07:00,2,17
style.css,18,css,908f7a01,namtpham26,2025-10-09,07:03:32,-07:00,2025-10-09T07:03:32-07:00,2,12
style.css,19,css,908f7a01,namtpham26,2025-10-09,07:03:32,-07:00,2025-10-09T07:03:32-07:00,0,0
style.css,20,css,908f7a01,namtpham26,2025-10-09,07:03:32,-07:00,2025-10-09T07:03:32-07:00,0,0
style.css,21,css,908f7a01,namtpham26,2025-10-09,07:03:32,-07:00,2025-10-09T07:03:32-07:00,0,3
style.css,22,css,908f7a01,namtpham26,2025-10-09,07:03:32,-07:00,2025-10-09T07:03:32-07:00,2,12
style.css,23,css,908f7a01,namtpham26,2025-10-09,07:03:32,-07:00,2025-10-09T07:03:32-07:00,2,23
style.css,24,css,908f7a01,namtpham26,2025-10-09,07:03:32,-07:00,2025-10-09T07:03:32-07:00,2,25
style.css,25,css,ecb8fb73,namtpham26,2025-10-14,18:12:55,-07:00,2025-10-14T18:12:55-07:00,2,43
style.css,26,css,ecb8fb73,namtpham26,2025-10-14,18:12:55,-07:00,2025-10-14T18:12:55-07:00,2,39
style.css,27,css,908f7a01,namtpham26,2025-10-09,07:03:32,-07:00,2025-10-09T07:03:32-07:00,0,0
style.css,28,css,908f7a01,namtpham26,2025-10-09,07:03:32,-07:00,2025-10-09T07:03:32-07:00,0,0
style.css,29,css,908f7a01,namtpham26,2025-10-09,07:03:32,-07:00,2025-10-09T07:03:32-07:00,0,5
style.css,30,css,908f7a01,namtpham26,2025-10-09,07:03:32,-07:00,2025-10-09T07:03:32-07:00,2,6
style.css,31,css,908f7a01,namtpham26,2025-10-09,07:03:32,-07:00,2025-10-09T07:03:32-07:00,2,20
style.css,32,css,908f7a01,namtpham26,2025-10-09,07:03:32,-07:00,2025-10-09T07:03:32-07:00,2,13
style.css,33,css,908f7a01,namtpham26,2025-10-09,07:03:32,-07:00,2025-10-09T07:03:32-07:00,2,17
style.css,34,css,908f7a01,namtpham26,2025-10-09,07:03:32,-07:00,2025-10-09T07:03:32-07:00,2,13
style.css,35,css,908f7a01,namtpham26,2025-10-09,07:03:32,-07:00,2025-10-09T07:03:32-07:00,2,17
style.css,36,css,908f7a01,namtpham26,2025-10-09,07:03:32,-07:00,2025-10-09T07:03:32-07:00,0,0
style.css,37,css,908f7a01,namtpham26,2025-10-09,07:03:32,-07:00,2025-10-09T07:03:32-07:00,0,0
style.css,38,css,908f7a01,namtpham26,2025-10-09,07:03:32,-07:00,2025-10-09T07:03:32-07:00,0,13
style.css,39,css,908f7a01,namtpham26,2025-10-09,07:03:32,-07:00,2025-10-09T07:03:32-07:00,2,43
style.css,40,css,ecb8fb73,namtpham26,2025-10-14,18:12:55,-07:00,2025-10-14T18:12:55-07:00,2,51
style.css,41,css,908f7a01,namtpham26,2025-10-09,07:03:32,-07:00,2025-10-09T07:03:32-07:00,2,20
style.css,42,css,908f7a01,namtpham26,2025-10-09,07:03:32,-07:00,2025-10-09T07:03:32-07:00,0,0
style.css,43,css,908f7a01,namtpham26,2025-10-09,07:03:32,-07:00,2025-10-09T07:03:32-07:00,0,0
style.css,44,css,908f7a01,namtpham26,2025-10-09,07:03:32,-07:00,2025-10-09T07:03:32-07:00,0,7
style.css,45,css,908f7a01,namtpham26,2025-10-09,07:03:32,-07:00,2025-10-09T07:03:32-07:00,2,45
style.css,46,css,908f7a01,namtpham26,2025-10-09,07:03:32,-07:00,2025-10-09T07:03:32-07:00,2,20
style.css,47,css,ecb8fb73,namtpham26,2025-10-14,18:12:55,-07:00,2025-10-14T18:12:55-07:00,2,63
style.css,48,css,ecb8fb73,namtpham26,2025-10-14,18:12:55,-07:00,2025-10-14T18:12:55-07:00,2,69
style.css,49,css,908f7a01,namtpham26,2025-10-09,07:03:32,-07:00,2025-10-09T07:03:32-07:00,0,0
style.css,50,css,908f7a01,namtpham26,2025-10-09,07:03:32,-07:00,2025-10-09T07:03:32-07:00,0,0
style.css,51,css,ecb8fb73,namtpham26,2025-10-14,18:12:55,-07:00,2025-10-14T18:12:55-07:00,0,73
style.css,52,css,908f7a01,namtpham26,2025-10-09,07:03:32,-07:00,2025-10-09T07:03:32-07:00,2,11
style.css,53,css,908f7a01,namtpham26,2025-10-09,07:03:32,-07:00,2025-10-09T07:03:32-07:00,0,0
style.css,54,css,908f7a01,namtpham26,2025-10-09,07:03:32,-07:00,2025-10-09T07:03:32-07:00,0,0
style.css,55,css,908f7a01,namtpham26,2025-10-09,07:03:32,-07:00,2025-10-09T07:03:32-07:00,0,4
style.css,56,css,908f7a01,namtpham26,2025-10-09,07:03:32,-07:00,2025-10-09T07:03:32-07:00,2,12
style.css,57,css,908f7a01,namtpham26,2025-10-09,07:03:32,-07:00,2025-10-09T07:03:32-07:00,2,30
style.css,58,css,908f7a01,namtpham26,2025-10-09,07:03:32,-07:00,2025-10-09T07:03:32-07:00,2,7
style.css,59,css,908f7a01,namtpham26,2025-10-09,07:03:32,-07:00,2025-10-09T07:03:32-07:00,0,0
style.css,60,css,908f7a01,namtpham26,2025-10-09,07:03:32,-07:00,2025-10-09T07:03:32-07:00,0,0
style.css,61,css,908f7a01,namtpham26,2025-10-09,07:03:32,-07:00,2025-10-09T07:03:32-07:00,0,5
style.css,62,css,908f7a01,namtpham26,2025-10-09,07:03:32,-07:00,2025-10-09T07:03:32-07:00,2,12
style.css,63,css,908f7a01,namtpham26,2025-10-09,07:03:32,-07:00,2025-10-09T07:03:32-07:00,2,29
style.css,64,css,908f7a01,namtpham26,2025-10-09,07:03:32,-07:00,2025-10-09T07:03:32-07:00,2,18
style.css,65,css,908f7a01,namtpham26,2025-10-09,07:03:32,-07:00,2025-10-09T07:03:32-07:00,0,0
style.css,66,css,908f7a01,namtpham26,2025-10-09,07:03:32,-07:00,2025-10-09T07:03:32-07:00,0,0
style.css,67,css,908f7a01,namtpham26,2025-10-09,07:03:32,-07:00,2025-10-09T07:03:32-07:00,0,6
style.css,68,css,908f7a01,namtpham26,2025-10-09,07:03:32,-07:00,2025-10-09T07:03:32-07:00,2,18
style.css,69,css,908f7a01,namtpham26,2025-10-09,07:03:32,-07:00,2025-10-09T07:03:32-07:00,0,0
style.css,70,css,908f7a01,namtpham26,2025-10-09,07:03:32,-07:00,2025-10-09T07:03:32-07:00,0,0
style.css,71,css,908f7a01,namtpham26,2025-10-09,07:03:32,-07:00,2025-10-09T07:03:32-07:00,0,11
style.css,72,css,908f7a01,namtpham26,2025-10-09,07:03:32,-07:00,2025-10-09T07:03:32-07:00,2,12
style.css,73,css,908f7a01,namtpham26,2025-10-09,07:03:32,-07:00,2025-10-09T07:03:32-07:00,2,58
style.css,74,css,908f7a01,namtpham26,2025-10-09,07:03:32,-07:00,2025-10-09T07:03:32-07:00,2,14
style.css,75,css,908f7a01,namtpham26,2025-10-09,07:03:32,-07:00,2025-10-09T07:03:32-07:00,0,0
style.css,76,css,908f7a01,namtpham26,2025-10-09,07:03:32,-07:00,2025-10-09T07:03:32-07:00,0,0
style.css,77,css,908f7a01,namtpham26,2025-10-09,07:03:32,-07:00,2025-10-09T07:03:32-07:00,0,7
style.css,78,css,908f7a01,namtpham26,2025-10-09,07:03:32,-07:00,2025-10-09T07:03:32-07:00,2,12
style.css,79,css,908f7a01,namtpham26,2025-10-09,07:03:32,-07:00,2025-10-09T07:03:32-07:00,2,26
style.css,80,css,908f7a01,namtpham26,2025-10-09,07:03:32,-07:00,2025-10-09T07:03:32-07:00,2,15
style.css,81,css,908f7a01,namtpham26,2025-10-09,07:03:32,-07:00,2025-10-09T07:03:32-07:00,2,7
style.css,82,css,908f7a01,namtpham26,2025-10-09,07:03:32,-07:00,2025-10-09T07:03:32-07:00,0,0
style.css,83,css,908f7a01,namtpham26,2025-10-09,07:03:32,-07:00,2025-10-09T07:03:32-07:00,0,0
style.css,84,css,908f7a01,namtpham26,2025-10-09,07:03:32,-07:00,2025-10-09T07:03:32-07:00,0,10
style.css,85,css,908f7a01,namtpham26,2025-10-09,07:03:32,-07:00,2025-10-09T07:03:32-07:00,2,8
style.css,86,css,908f7a01,namtpham26,2025-10-09,07:03:32,-07:00,2025-10-09T07:03:32-07:00,2,14
style.css,87,css,908f7a01,namtpham26,2025-10-09,07:03:32,-07:00,2025-10-09T07:03:32-07:00,0,0
style.css,88,css,908f7a01,namtpham26,2025-10-09,07:03:32,-07:00,2025-10-09T07:03:32-07:00,0,0
style.css,89,css,908f7a01,namtpham26,2025-10-09,07:03:32,-07:00,2025-10-09T07:03:32-07:00,0,21
style.css,90,css,908f7a01,namtpham26,2025-10-09,07:03:32,-07:00,2025-10-09T07:03:32-07:00,2,15
style.css,91,css,908f7a01,namtpham26,2025-10-09,07:03:32,-07:00,2025-10-09T07:03:32-07:00,2,17
style.css,92,css,908f7a01,namtpham26,2025-10-09,07:03:32,-07:00,2025-10-09T07:03:32-07:00,0,0
style.css,93,css,908f7a01,namtpham26,2025-10-09,07:03:32,-07:00,2025-10-09T07:03:32-07:00,0,0
style.css,94,css,908f7a01,namtpham26,2025-10-09,07:03:32,-07:00,2025-10-09T07:03:32-07:00,0,10
style.css,95,css,908f7a01,namtpham26,2025-10-09,07:03:32,-07:00,2025-10-09T07:03:32-07:00,2,14
style.css,96,css,908f7a01,namtpham26,2025-10-09,07:03:32,-07:00,2025-10-09T07:03:32-07:00,2,11
style.css,97,css,908f7a01,namtpham26,2025-10-09,07:03:32,-07:00,2025-10-09T07:03:32-07:00,0,0
style.css,98,css,908f7a01,namtpham26,2025-10-09,07:03:32,-07:00,2025-10-09T07:03:32-07:00,0,0
style.css,99,css,908f7a01,namtpham26,2025-10-09,07:03:32,-07:00,2025-10-09T07:03:32-07:00,0,9
style.css,100,css,908f7a01,namtpham26,2025-10-09,07:03:32,-07:00,2025-10-09T07:03:32-07:00,2,15
style.css,101,css,908f7a01,namtpham26,2025-10-09,07:03:32,-07:00,2025-10-09T07:03:32-07:00,0,0
style.css,102,css,908f7a01,namtpham26,2025-10-09,07:03:32,-07:00,2025-10-09T07:03:32-07:00,0,0
style.css,103,css,908f7a01,namtpham26,2025-10-09,07:03:32,-07:00,2025-10-09T07:03:32-07:00,0,14
style.css,104,css,908f7a01,namtpham26,2025-10-09,07:03:32,-07:00,2025-10-09T07:03:32-07:00,2,14
style.css,105,css,ecb8fb73,namtpham26,2025-10-14,18:12:55,-07:00,2025-10-14T18:12:55-07:00,0,0
style.css,106,css,ecb8fb73,namtpham26,2025-10-14,18:12:55,-07:00,2025-10-14T18:12:55-07:00,0,0
style.css,107,css,ecb8fb73,namtpham26,2025-10-14,18:12:55,-07:00,2025-10-14T18:12:55-07:00,0,6
style.css,108,css,ecb8fb73,namtpham26,2025-10-14,18:12:55,-07:00,2025-10-14T18:12:55-07:00,2,17
style.css,109,css,ecb8fb73,namtpham26,2025-10-14,18:12:55,-07:00,2025-10-14T18:12:55-07:00,0,0
style.css,110,css,ecb8fb73,namtpham26,2025-10-14,18:12:55,-07:00,2025-10-14T18:12:55-07:00,0,0
style.css,111,css,ecb8fb73,namtpham26,2025-10-14,18:12:55,-07:00,2025-10-14T18:12:55-07:00,0,23
style.css,112,css,ecb8fb73,namtpham26,2025-10-14,18:12:55,-07:00,2025-10-14T18:12:55-07:00,2,17
style.css,113,css,ecb8fb73,namtpham26,2025-10-14,18:12:55,-07:00,2025-10-14T18:12:55-07:00,2,8
style.css,114,css,ecb8fb73,namtpham26,2025-10-14,18:12:55,-07:00,2025-10-14T18:12:55-07:00,2,10
style.css,115,css,ecb8fb73,namtpham26,2025-10-14,18:12:55,-07:00,2025-10-14T18:12:55-07:00,2,13
style.css,116,css,dceea928,namtpham26,2025-10-23,11:04:25,-07:00,2025-10-23T11:04:25-07:00,0,0
style.css,117,css,dceea928,namtpham26,2025-10-23,11:04:25,-07:00,2025-10-23T11:04:25-07:00,0,0
style.css,118,css,dceea928,namtpham26,2025-10-23,11:04:25,-07:00,2025-10-23T11:04:25-07:00,0,2
style.css,119,css,dceea928,namtpham26,2025-10-23,11:04:25,-07:00,2025-10-23T11:04:25-07:00,2,12
style.css,120,css,dceea928,namtpham26,2025-10-23,11:04:25,-07:00,2025-10-23T11:04:25-07:00,2,58
style.css,121,css,dceea928,namtpham26,2025-10-23,11:04:25,-07:00,2025-10-23T11:04:25-07:00,2,19
style.css,122,css,dceea928,namtpham26,2025-10-23,11:04:25,-07:00,2025-10-23T11:04:25-07:00,2,8
style.css,123,css,dceea928,namtpham26,2025-10-23,11:04:25,-07:00,2025-10-23T11:04:25-07:00,2,17
style.css,124,css,dceea928,namtpham26,2025-10-23,11:04:25,-07:00,2025-10-23T11:04:25-07:00,0,0
style.css,125,css,dceea928,namtpham26,2025-10-23,11:04:25,-07:00,2025-10-23T11:04:25-07:00,0,0
style.css,126,css,dceea928,namtpham26,2025-10-23,11:04:25,-07:00,2025-10-23T11:04:25-07:00,0,2
style.css,127,css,dceea928,namtpham26,2025-10-23,11:04:25,-07:00,2025-10-23T11:04:25-07:00,2,9
style.css,128,css,dceea928,namtpham26,2025-10-23,11:04:25,-07:00,2025-10-23T11:04:25-07:00,0,0
style.css,129,css,dceea928,namtpham26,2025-10-23,11:04:25,-07:00,2025-10-23T11:04:25-07:00,0,0
style.css,130,css,dceea928,namtpham26,2025-10-23,11:04:25,-07:00,2025-10-23T11:04:25-07:00,0,2
style.css,131,css,dceea928,namtpham26,2025-10-23,11:04:25,-07:00,2025-10-23T11:04:25-07:00,2,9
style.css,132,css,0c0af994,namtpham26,2025-10-28,21:05:09,-07:00,2025-10-28T21:05:09-07:00,0,0
style.css,133,css,0c0af994,namtpham26,2025-10-28,21:05:09,-07:00,2025-10-28T21:05:09-07:00,0,0
style.css,134,css,0c0af994,namtpham26,2025-10-28,21:05:09,-07:00,2025-10-28T21:05:09-07:00,0,18
style.css,135,css,0c0af994,namtpham26,2025-10-28,21:05:09,-07:00,2025-10-28T21:05:09-07:00,1,14
style.css,136,css,0c0af994,namtpham26,2025-10-28,21:05:09,-07:00,2025-10-28T21:05:09-07:00,1,16
style.css,137,css,0c0af994,namtpham26,2025-10-28,21:05:09,-07:00,2025-10-28T21:05:09-07:00,0,0
style.css,138,css,0c0af994,namtpham26,2025-10-28,21:05:09,-07:00,2025-10-28T21:05:09-07:00,1,16
style.css,139,css,0c0af994,namtpham26,2025-10-28,21:05:09,-07:00,2025-10-28T21:05:09-07:00,0,0
style.css,140,css,0c0af994,namtpham26,2025-10-28,21:05:09,-07:00,2025-10-28T21:05:09-07:00,0,0
style.css,141,css,0c0af994,namtpham26,2025-10-28,21:05:09,-07:00,2025-10-28T21:05:09-07:00,0,7
style.css,142,css,0c0af994,namtpham26,2025-10-28,21:05:09,-07:00,2025-10-28T21:05:09-07:00,1,12
style.css,143,css,0c0af994,namtpham26,2025-10-28,21:05:09,-07:00,2025-10-28T21:05:09-07:00,1,57
style.css,144,css,0c0af994,namtpham26,2025-10-28,21:05:09,-07:00,2025-10-28T21:05:09-07:00,1,10
style.css,145,css,0c0af994,namtpham26,2025-10-28,21:05:09,-07:00,2025-10-28T21:05:09-07:00,1,15
style.css,146,css,0c0af994,namtpham26,2025-10-28,21:05:09,-07:00,2025-10-28T21:05:09-07:00,1,21
style.css,147,css,0c0af994,namtpham26,2025-10-28,21:05:09,-07:00,2025-10-28T21:05:09-07:00,1,6
style.css,148,css,0c0af994,namtpham26,2025-10-28,21:05:09,-07:00,2025-10-28T21:05:09-07:00,0,0
style.css,149,css,0c0af994,namtpham26,2025-10-28,21:05:09,-07:00,2025-10-28T21:05:09-07:00,0,0
style.css,150,css,0c0af994,namtpham26,2025-10-28,21:05:09,-07:00,2025-10-28T21:05:09-07:00,0,31
style.css,151,css,0c0af994,namtpham26,2025-10-28,21:05:09,-07:00,2025-10-28T21:05:09-07:00,0,10
style.css,152,css,0c0af994,namtpham26,2025-10-28,21:05:09,-07:00,2025-10-28T21:05:09-07:00,1,12
style.css,153,css,0c0af994,namtpham26,2025-10-28,21:05:09,-07:00,2025-10-28T21:05:09-07:00,1,18
style.css,154,css,0c0af994,namtpham26,2025-10-28,21:05:09,-07:00,2025-10-28T21:05:09-07:00,1,10
style.css,155,css,0c0af994,namtpham26,2025-10-28,21:05:09,-07:00,2025-10-28T21:05:09-07:00,1,28
style.css,156,css,0c0af994,namtpham26,2025-10-28,21:05:09,-07:00,2025-10-28T21:05:09-07:00,0,0
style.css,157,css,0c0af994,namtpham26,2025-10-28,21:05:09,-07:00,2025-10-28T21:05:09-07:00,0,0
style.css,158,css,0c0af994,namtpham26,2025-10-28,21:05:09,-07:00,2025-10-28T21:05:09-07:00,0,22
style.css,159,css,0c0af994,namtpham26,2025-10-28,21:05:09,-07:00,2025-10-28T21:05:09-07:00,0,7
style.css,160,css,0c0af994,namtpham26,2025-10-28,21:05:09,-07:00,2025-10-28T21:05:09-07:00,1,59
style.css,161,css,0c0af994,namtpham26,2025-10-28,21:05:09,-07:00,2025-10-28T21:05:09-07:00,1,9
style.css,162,css,0c0af994,namtpham26,2025-10-28,21:05:09,-07:00,2025-10-28T21:05:09-07:00,1,44
style.css,163,css,0c0af994,namtpham26,2025-10-28,21:05:09,-07:00,2025-10-28T21:05:09-07:00,1,63
style.css,164,css,0c0af994,namtpham26,2025-10-28,21:05:09,-07:00,2025-10-28T21:05:09-07:00,1,44
style.css,165,css,0c0af994,namtpham26,2025-10-28,21:05:09,-07:00,2025-10-28T21:05:09-07:00,0,0
style.css,166,css,0c0af994,namtpham26,2025-10-28,21:05:09,-07:00,2025-10-28T21:05:09-07:00,0,0
style.css,167,css,0c0af994,namtpham26,2025-10-28,21:05:09,-07:00,2025-10-28T21:05:09-07:00,0,10
style.css,168,css,0c0af994,namtpham26,2025-10-28,21:05:09,-07:00,2025-10-28T21:05:09-07:00,2,12
style.css,169,css,0c0af994,namtpham26,2025-10-28,21:05:09,-07:00,2025-10-28T21:05:09-07:00,2,22
style.css,170,css,0c0af994,namtpham26,2025-10-28,21:05:09,-07:00,2025-10-28T21:05:09-07:00,2,8
style.css,171,css,0c0af994,namtpham26,2025-10-28,21:05:09,-07:00,2025-10-28T21:05:09-07:00,2,14
style.css,172,css,0c0af994,namtpham26,2025-10-28,21:05:09,-07:00,2025-10-28T21:05:09-07:00,2,22
style.css,173,css,0c0af994,namtpham26,2025-10-28,21:05:09,-07:00,2025-10-28T21:05:09-07:00,0,0
style.css,174,css,0c0af994,namtpham26,2025-10-28,21:05:09,-07:00,2025-10-28T21:05:09-07:00,0,0
style.css,175,css,0c0af994,namtpham26,2025-10-28,21:05:09,-07:00,2025-10-28T21:05:09-07:00,0,17
style.css,176,css,0c0af994,namtpham26,2025-10-28,21:05:09,-07:00,2025-10-28T21:05:09-07:00,1,16
style.css,177,css,0c0af994,namtpham26,2025-10-28,21:05:09,-07:00,2025-10-28T21:05:09-07:00,2,11
style.css,178,css,0c0af994,namtpham26,2025-10-28,21:05:09,-07:00,2025-10-28T21:05:09-07:00,1,0
style.css,179,css,0c0af994,namtpham26,2025-10-28,21:05:09,-07:00,2025-10-28T21:05:09-07:00,0,0
style.css,180,css,0c0af994,namtpham26,2025-10-28,21:05:09,-07:00,2025-10-28T21:05:09-07:00,0,0
style.css,181,css,0c0af994,namtpham26,2025-10-28,21:05:09,-07:00,2025-10-28T21:05:09-07:00,0,4
style.css,182,css,0c0af994,namtpham26,2025-10-28,21:05:09,-07:00,2025-10-28T21:05:09-07:00,1,16
style.css,183,css,0c0af994,namtpham26,2025-10-28,21:05:09,-07:00,2025-10-28T21:05:09-07:00,0,0
style.css,184,css,0c0af994,namtpham26,2025-10-28,21:05:09,-07:00,2025-10-28T21:05:09-07:00,0,0
style.css,185,css,0c0af994,namtpham26,2025-10-28,21:05:09,-07:00,2025-10-28T21:05:09-07:00,0,9
style.css,186,css,0c0af994,namtpham26,2025-10-28,21:05:09,-07:00,2025-10-28T21:05:09-07:00,1,35
style.css,187,css,0c0af994,namtpham26,2025-10-28,21:05:09,-07:00,2025-10-28T21:05:09-07:00,0,0
style.css,188,css,0c0af994,namtpham26,2025-10-28,21:05:09,-07:00,2025-10-28T21:05:09-07:00,1,10
style.css,189,css,0c0af994,namtpham26,2025-10-28,21:05:09,-07:00,2025-10-28T21:05:09-07:00,2,17
style.css,190,css,0c0af994,namtpham26,2025-10-28,21:05:09,-07:00,2025-10-28T21:05:09-07:00,1,0
style.css,191,css,018338c1,namtpham26,2025-10-03,03:48:20,-07:00,2025-10-03T03:48:20-07:00,0,0
index.js,1,js,64b34ef7,namtpham26,2025-10-23,12:48:59,-07:00,2025-10-23T12:48:59-07:00,0,75
index.js,2,js,06c6abf1,namtpham26,2025-10-23,13:35:31,-07:00,2025-10-23T13:35:31-07:00,0,71
index.js,3,js,dceea928,namtpham26,2025-10-23,11:04:25,-07:00,2025-10-23T11:04:25-07:00,0,0
index.js,4,js,0dd6c6fe,namtpham26,2025-10-23,13:46:28,-07:00,2025-10-23T13:46:28-07:00,0,54
index.js,5,js,dceea928,namtpham26,2025-10-23,11:04:25,-07:00,2025-10-23T11:04:25-07:00,0,42
index.js,6,js,dceea928,namtpham26,2025-10-23,11:04:25,-07:00,2025-10-23T11:04:25-07:00,0,60
index.js,7,js,dceea928,namtpham26,2025-10-23,11:04:25,-07:00,2025-10-23T11:04:25-07:00,0,53
index.js,8,js,dceea928,namtpham26,2025-10-23,11:04:25,-07:00,2025-10-23T11:04:25-07:00,0,60
index.js,9,js,dceea928,namtpham26,2025-10-23,11:04:25,-07:00,2025-10-23T11:04:25-07:00,0,0
index.js,10,js,dceea928,namtpham26,2025-10-23,11:04:25,-07:00,2025-10-23T11:04:25-07:00,0,55
index.js,11,js,dceea928,namtpham26,2025-10-23,11:04:25,-07:00,2025-10-23T11:04:25-07:00,0,17
index.js,12,js,dceea928,namtpham26,2025-10-23,11:04:25,-07:00,2025-10-23T11:04:25-07:00,1,24
index.js,13,js,dceea928,namtpham26,2025-10-23,11:04:25,-07:00,2025-10-23T11:04:25-07:00,4,2
index.js,14,js,dceea928,namtpham26,2025-10-23,11:04:25,-07:00,2025-10-23T11:04:25-07:00,5,55
index.js,15,js,dceea928,namtpham26,2025-10-23,11:04:25,-07:00,2025-10-23T11:04:25-07:00,5,55
index.js,16,js,dceea928,namtpham26,2025-10-23,11:04:25,-07:00,2025-10-23T11:04:25-07:00,5,49
index.js,17,js,dceea928,namtpham26,2025-10-23,11:04:25,-07:00,2025-10-23T11:04:25-07:00,5,49
index.js,18,js,dceea928,namtpham26,2025-10-23,11:04:25,-07:00,2025-10-23T11:04:25-07:00,4,3
index.js,19,js,dceea928,namtpham26,2025-10-23,11:04:25,-07:00,2025-10-23T11:04:25-07:00,2,0
index.js,20,js,dceea928,namtpham26,2025-10-23,11:04:25,-07:00,2025-10-23T11:04:25-07:00,0,0
index.html,1,html,b2a70d6e,namtpham26,2025-10-02,10:46:55,-07:00,2025-10-02T10:46:55-07:00,0,13
index.html,2,html,b2a70d6e,namtpham26,2025-10-02,10:46:55,-07:00,2025-10-02T10:46:55-07:00,0,14
index.html,3,html,b2a70d6e,namtpham26,2025-10-02,10:46:55,-07:00,2025-10-02T10:46:55-07:00,0,4
index.html,4,html,b2a70d6e,namtpham26,2025-10-02,10:46:55,-07:00,2025-10-02T10:46:55-07:00,2,20
index.html,5,html,b2a70d6e,namtpham26,2025-10-02,10:46:55,-07:00,2025-10-02T10:46:55-07:00,2,68
index.html,6,html,b2a70d6e,namtpham26,2025-10-02,10:46:55,-07:00,2025-10-02T10:46:55-07:00,2,45
index.html,7,html,d9947543,namtpham26,2025-10-23,13:26:32,-07:00,2025-10-23T13:26:32-07:00,2,42
index.html,8,html,d9947543,namtpham26,2025-10-23,13:26:32,-07:00,2025-10-23T13:26:32-07:00,2,49
index.html,9,html,d9947543,namtpham26,2025-10-23,13:26:32,-07:00,2025-10-23T13:26:32-07:00,2,54
index.html,10,html,b2a70d6e,namtpham26,2025-10-02,10:46:55,-07:00,2025-10-02T10:46:55-07:00,0,5
index.html,11,html,b2a70d6e,namtpham26,2025-10-02,10:46:55,-07:00,2025-10-02T10:46:55-07:00,0,4
index.html,12,html,908f7a01,namtpham26,2025-10-09,07:03:32,-07:00,2025-10-09T07:03:32-07:00,2,15
index.html,13,html,908f7a01,namtpham26,2025-10-09,07:03:32,-07:00,2025-10-09T07:03:32-07:00,2,661
index.html,14,html,908f7a01,namtpham26,2025-10-09,07:03:32,-07:00,2025-10-09T07:03:32-07:00,2,2
index.html,15,html,dceea928,namtpham26,2025-10-23,11:04:25,-07:00,2025-10-23T11:04:25-07:00,2,22
index.html,16,html,dceea928,namtpham26,2025-10-23,11:04:25,-07:00,2025-10-23T11:04:25-07:00,2,22
index.html,17,html,dceea928,namtpham26,2025-10-23,11:04:25,-07:00,2025-10-23T11:04:25-07:00,4,30
index.html,18,html,dceea928,namtpham26,2025-10-23,11:04:25,-07:00,2025-10-23T11:04:25-07:00,2,4
index.html,19,html,dceea928,namtpham26,2025-10-23,11:04:25,-07:00,2025-10-23T11:04:25-07:00,2,30
index.html,20,html,908f7a01,namtpham26,2025-10-09,07:03:32,-07:00,2025-10-09T07:03:32-07:00,2,6
index.html,21,html,908f7a01,namtpham26,2025-10-09,07:03:32,-07:00,2025-10-09T07:03:32-07:00,4,27
index.html,22,html,908f7a01,namtpham26,2025-10-09,07:03:32,-07:00,2025-10-09T07:03:32-07:00,4,50
index.html,23,html,908f7a01,namtpham26,2025-10-09,07:03:32,-07:00,2025-10-09T07:03:32-07:00,2,7
index.html,24,html,b2a70d6e,namtpham26,2025-10-02,10:46:55,-07:00,2025-10-02T10:46:55-07:00,0,5
index.html,25,html,b2a70d6e,namtpham26,2025-10-02,10:46:55,-07:00,2025-10-02T10:46:55-07:00,0,5
global.js,1,js,bb95e87c,namtpham26,2025-10-23,13:08:14,-07:00,2025-10-23T13:08:14-07:00,0,0
global.js,2,js,bb95e87c,namtpham26,2025-10-23,13:08:14,-07:00,2025-10-23T13:08:14-07:00,0,9
global.js,3,js,bb95e87c,namtpham26,2025-10-23,13:08:14,-07:00,2025-10-23T13:08:14-07:00,0,0
global.js,4,js,bb95e87c,namtpham26,2025-10-23,13:08:14,-07:00,2025-10-23T13:08:14-07:00,0,41
global.js,5,js,bb95e87c,namtpham26,2025-10-23,13:08:14,-07:00,2025-10-23T13:08:14-07:00,1,52
global.js,6,js,bb95e87c,namtpham26,2025-10-23,13:08:14,-07:00,2025-10-23T13:08:14-07:00,0,0
global.js,7,js,bb95e87c,namtpham26,2025-10-23,13:08:14,-07:00,2025-10-23T13:08:14-07:00,0,0
global.js,8,js,bb95e87c,namtpham26,2025-10-23,13:08:14,-07:00,2025-10-23T13:08:14-07:00,0,25
global.js,9,js,bb95e87c,namtpham26,2025-10-23,13:08:14,-07:00,2025-10-23T13:08:14-07:00,0,30
global.js,10,js,bb95e87c,namtpham26,2025-10-23,13:08:14,-07:00,2025-10-23T13:08:14-07:00,2,69
global.js,11,js,bb95e87c,namtpham26,2025-10-23,13:08:14,-07:00,2025-10-23T13:08:14-07:00,0,0
global.js,12,js,bb95e87c,namtpham26,2025-10-23,13:08:14,-07:00,2025-10-23T13:08:14-07:00,0,35
global.js,13,js,bb95e87c,namtpham26,2025-10-23,13:08:14,-07:00,2025-10-23T13:08:14-07:00,0,0
global.js,14,js,bb95e87c,namtpham26,2025-10-23,13:08:14,-07:00,2025-10-23T13:08:14-07:00,0,35
global.js,15,js,bb95e87c,namtpham26,2025-10-23,13:08:14,-07:00,2025-10-23T13:08:14-07:00,0,23
global.js,16,js,bb95e87c,namtpham26,2025-10-23,13:08:14,-07:00,2025-10-23T13:08:14-07:00,0,0
global.js,17,js,bb95e87c,namtpham26,2025-10-23,13:08:14,-07:00,2025-10-23T13:08:14-07:00,0,0
global.js,18,js,bb95e87c,namtpham26,2025-10-23,13:08:14,-07:00,2025-10-23T13:08:14-07:00,0,17
global.js,19,js,bb95e87c,namtpham26,2025-10-23,13:08:14,-07:00,2025-10-23T13:08:14-07:00,0,0
global.js,20,js,bb95e87c,namtpham26,2025-10-23,13:08:14,-07:00,2025-10-23T13:08:14-07:00,0,0
global.js,21,js,bb95e87c,namtpham26,2025-10-23,13:08:14,-07:00,2025-10-23T13:08:14-07:00,0,0
global.js,22,js,bb95e87c,namtpham26,2025-10-23,13:08:14,-07:00,2025-10-23T13:08:14-07:00,0,33
global.js,23,js,bb95e87c,namtpham26,2025-10-23,13:08:14,-07:00,2025-10-23T13:08:14-07:00,0,11
global.js,24,js,bb95e87c,namtpham26,2025-10-23,13:08:14,-07:00,2025-10-23T13:08:14-07:00,1,35
global.js,25,js,9f0e4fc7,namtpham26,2025-10-24,16:31:21,-07:00,2025-10-24T16:31:21-07:00,1,58
global.js,26,js,9f0e4fc7,namtpham26,2025-10-24,16:31:21,-07:00,2025-10-24T16:31:21-07:00,1,52
global.js,27,js,00000000,Not Committed Yet,2025-11-03,15:40:11,-08:00,2025-11-03T15:40:11-08:00,1,40
global.js,28,js,bb95e87c,namtpham26,2025-10-23,13:08:14,-07:00,2025-10-23T13:08:14-07:00,1,45
global.js,29,js,bb95e87c,namtpham26,2025-10-23,13:08:14,-07:00,2025-10-23T13:08:14-07:00,1,43
global.js,30,js,bb95e87c,namtpham26,2025-10-23,13:08:14,-07:00,2025-10-23T13:08:14-07:00,1,54
global.js,31,js,bb95e87c,namtpham26,2025-10-23,13:08:14,-07:00,2025-10-23T13:08:14-07:00,0,0
global.js,32,js,bb95e87c,namtpham26,2025-10-23,13:08:14,-07:00,2025-10-23T13:08:14-07:00,0,34
global.js,33,js,bb95e87c,namtpham26,2025-10-23,13:08:14,-07:00,2025-10-23T13:08:14-07:00,0,15
global.js,34,js,bb95e87c,namtpham26,2025-10-23,13:08:14,-07:00,2025-10-23T13:08:14-07:00,1,68
global.js,35,js,bb95e87c,namtpham26,2025-10-23,13:08:14,-07:00,2025-10-23T13:08:14-07:00,2,19
global.js,36,js,bb95e87c,namtpham26,2025-10-23,13:08:14,-07:00,2025-10-23T13:08:14-07:00,2,42
global.js,37,js,bb95e87c,namtpham26,2025-10-23,13:08:14,-07:00,2025-10-23T13:08:14-07:00,0,38
global.js,38,js,bb95e87c,namtpham26,2025-10-23,13:08:14,-07:00,2025-10-23T13:08:14-07:00,0,25
global.js,39,js,bb95e87c,namtpham26,2025-10-23,13:08:14,-07:00,2025-10-23T13:08:14-07:00,0,20
global.js,40,js,bb95e87c,namtpham26,2025-10-23,13:08:14,-07:00,2025-10-23T13:08:14-07:00,2,14
global.js,41,js,bb95e87c,namtpham26,2025-10-23,13:08:14,-07:00,2025-10-23T13:08:14-07:00,2,18
global.js,42,js,bb95e87c,namtpham26,2025-10-23,13:08:14,-07:00,2025-10-23T13:08:14-07:00,2,28
global.js,43,js,bb95e87c,namtpham26,2025-10-23,13:08:14,-07:00,2025-10-23T13:08:14-07:00,4,20
global.js,44,js,bb95e87c,namtpham26,2025-10-23,13:08:14,-07:00,2025-10-23T13:08:14-07:00,2,0
global.js,45,js,bb95e87c,namtpham26,2025-10-23,13:08:14,-07:00,2025-10-23T13:08:14-07:00,2,34
global.js,46,js,bb95e87c,namtpham26,2025-10-23,13:08:14,-07:00,2025-10-23T13:08:14-07:00,2,11
global.js,47,js,bb95e87c,namtpham26,2025-10-23,13:08:14,-07:00,2025-10-23T13:08:14-07:00,2,20
global.js,48,js,bb95e87c,namtpham26,2025-10-23,13:08:14,-07:00,2025-10-23T13:08:14-07:00,2,12
global.js,49,js,bb95e87c,namtpham26,2025-10-23,13:08:14,-07:00,2025-10-23T13:08:14-07:00,2,65
global.js,50,js,bb95e87c,namtpham26,2025-10-23,13:08:14,-07:00,2025-10-23T13:08:14-07:00,4,25
global.js,51,js,bb95e87c,namtpham26,2025-10-23,13:08:14,-07:00,2025-10-23T13:08:14-07:00,2,0
global.js,52,js,bb95e87c,namtpham26,2025-10-23,13:08:14,-07:00,2025-10-23T13:08:14-07:00,2,27
global.js,53,js,bb95e87c,namtpham26,2025-10-23,13:08:14,-07:00,2025-10-23T13:08:14-07:00,4,17
global.js,54,js,bb95e87c,namtpham26,2025-10-23,13:08:14,-07:00,2025-10-23T13:08:14-07:00,2,0
global.js,55,js,bb95e87c,namtpham26,2025-10-23,13:08:14,-07:00,2025-10-23T13:08:14-07:00,0,0
global.js,56,js,bb95e87c,namtpham26,2025-10-23,13:08:14,-07:00,2025-10-23T13:08:14-07:00,0,0
global.js,57,js,bb95e87c,namtpham26,2025-10-23,13:08:14,-07:00,2025-10-23T13:08:14-07:00,0,0
global.js,58,js,bb95e87c,namtpham26,2025-10-23,13:08:14,-07:00,2025-10-23T13:08:14-07:00,0,38
global.js,59,js,bb95e87c,namtpham26,2025-10-23,13:08:14,-07:00,2025-10-23T13:08:14-07:00,0,31
global.js,60,js,bb95e87c,namtpham26,2025-10-23,13:08:14,-07:00,2025-10-23T13:08:14-07:00,2,11
global.js,61,js,bb95e87c,namtpham26,2025-10-23,13:08:14,-07:00,2025-10-23T13:08:14-07:00,2,0
global.js,62,js,bb95e87c,namtpham26,2025-10-23,13:08:14,-07:00,2025-10-23T13:08:14-07:00,4,28
global.js,63,js,bb95e87c,namtpham26,2025-10-23,13:08:14,-07:00,2025-10-23T13:08:14-07:00,6,4
global.js,64,js,bb95e87c,namtpham26,2025-10-23,13:08:14,-07:00,2025-10-23T13:08:14-07:00,6,6
global.js,65,js,bb95e87c,namtpham26,2025-10-23,13:08:14,-07:00,2025-10-23T13:08:14-07:00,8,45
global.js,66,js,bb95e87c,namtpham26,2025-10-23,13:08:14,-07:00,2025-10-23T13:08:14-07:00,8,36
global.js,67,js,bb95e87c,namtpham26,2025-10-23,13:08:14,-07:00,2025-10-23T13:08:14-07:00,8,34
global.js,68,js,bb95e87c,namtpham26,2025-10-23,13:08:14,-07:00,2025-10-23T13:08:14-07:00,6,7
global.js,69,js,bb95e87c,namtpham26,2025-10-23,13:08:14,-07:00,2025-10-23T13:08:14-07:00,4,6
global.js,70,js,bb95e87c,namtpham26,2025-10-23,13:08:14,-07:00,2025-10-23T13:08:14-07:00,2,0
global.js,71,js,bb95e87c,namtpham26,2025-10-23,13:08:14,-07:00,2025-10-23T13:08:14-07:00,0,0
global.js,72,js,bb95e87c,namtpham26,2025-10-23,13:08:14,-07:00,2025-10-23T13:08:14-07:00,0,46
global.js,73,js,bb95e87c,namtpham26,2025-10-23,13:08:14,-07:00,2025-10-23T13:08:14-07:00,0,48
global.js,74,js,bb95e87c,namtpham26,2025-10-23,13:08:14,-07:00,2025-10-23T13:08:14-07:00,2,56
global.js,75,js,bb95e87c,namtpham26,2025-10-23,13:08:14,-07:00,2025-10-23T13:08:14-07:00,2,43
global.js,76,js,bb95e87c,namtpham26,2025-10-23,13:08:14,-07:00,2025-10-23T13:08:14-07:00,2,82
global.js,77,js,bb95e87c,namtpham26,2025-10-23,13:08:14,-07:00,2025-10-23T13:08:14-07:00,0,1
global.js,78,js,bb95e87c,namtpham26,2025-10-23,13:08:14,-07:00,2025-10-23T13:08:14-07:00,0,0
global.js,79,js,bb95e87c,namtpham26,2025-10-23,13:08:14,-07:00,2025-10-23T13:08:14-07:00,0,34
global.js,80,js,bb95e87c,namtpham26,2025-10-23,13:08:14,-07:00,2025-10-23T13:08:14-07:00,2,41
global.js,81,js,bb95e87c,namtpham26,2025-10-23,13:08:14,-07:00,2025-10-23T13:08:14-07:00,2,70
global.js,82,js,bb95e87c,namtpham26,2025-10-23,13:08:14,-07:00,2025-10-23T13:08:14-07:00,2,25
global.js,83,js,bb95e87c,namtpham26,2025-10-23,13:08:14,-07:00,2025-10-23T13:08:14-07:00,0,0
global.js,84,js,bb95e87c,namtpham26,2025-10-23,13:08:14,-07:00,2025-10-23T13:08:14-07:00,0,0
global.js,85,js,bb95e87c,namtpham26,2025-10-23,13:08:14,-07:00,2025-10-23T13:08:14-07:00,0,32
global.js,86,js,bb95e87c,namtpham26,2025-10-23,13:08:14,-07:00,2025-10-23T13:08:14-07:00,0,42
global.js,87,js,bb95e87c,namtpham26,2025-10-23,13:08:14,-07:00,2025-10-23T13:08:14-07:00,0,48
global.js,88,js,bb95e87c,namtpham26,2025-10-23,13:08:14,-07:00,2025-10-23T13:08:14-07:00,2,20
global.js,89,js,bb95e87c,namtpham26,2025-10-23,13:08:14,-07:00,2025-10-23T13:08:14-07:00,2,26
global.js,90,js,bb95e87c,namtpham26,2025-10-23,13:08:14,-07:00,2025-10-23T13:08:14-07:00,2,28
global.js,91,js,bb95e87c,namtpham26,2025-10-23,13:08:14,-07:00,2025-10-23T13:08:14-07:00,2,31
global.js,92,js,bb95e87c,namtpham26,2025-10-23,13:08:14,-07:00,2025-10-23T13:08:14-07:00,4,31
global.js,93,js,bb95e87c,namtpham26,2025-10-23,13:08:14,-07:00,2025-10-23T13:08:14-07:00,4,44
global.js,94,js,bb95e87c,namtpham26,2025-10-23,13:08:14,-07:00,2025-10-23T13:08:14-07:00,4,23
global.js,95,js,bb95e87c,namtpham26,2025-10-23,13:08:14,-07:00,2025-10-23T13:08:14-07:00,6,8
global.js,96,js,bb95e87c,namtpham26,2025-10-23,13:08:14,-07:00,2025-10-23T13:08:14-07:00,4,0
global.js,97,js,bb95e87c,namtpham26,2025-10-23,13:08:14,-07:00,2025-10-23T13:08:14-07:00,4,15
global.js,98,js,bb95e87c,namtpham26,2025-10-23,13:08:14,-07:00,2025-10-23T13:08:14-07:00,2,0
global.js,99,js,bb95e87c,namtpham26,2025-10-23,13:08:14,-07:00,2025-10-23T13:08:14-07:00,2,18
global.js,100,js,bb95e87c,namtpham26,2025-10-23,13:08:14,-07:00,2025-10-23T13:08:14-07:00,0,1
global.js,101,js,bb95e87c,namtpham26,2025-10-23,13:08:14,-07:00,2025-10-23T13:08:14-07:00,0,0
global.js,102,js,bb95e87c,namtpham26,2025-10-23,13:08:14,-07:00,2025-10-23T13:08:14-07:00,0,26
global.js,103,js,bb95e87c,namtpham26,2025-10-23,13:08:14,-07:00,2025-10-23T13:08:14-07:00,0,0
global.js,104,js,bb95e87c,namtpham26,2025-10-23,13:08:14,-07:00,2025-10-23T13:08:14-07:00,0,36
global.js,105,js,bb95e87c,namtpham26,2025-10-23,13:08:14,-07:00,2025-10-23T13:08:14-07:00,2,3
global.js,106,js,bb95e87c,namtpham26,2025-10-23,13:08:14,-07:00,2025-10-23T13:08:14-07:00,4,35
global.js,107,js,bb95e87c,namtpham26,2025-10-23,13:08:14,-07:00,2025-10-23T13:08:14-07:00,4,32
global.js,108,js,bb95e87c,namtpham26,2025-10-23,13:08:14,-07:00,2025-10-23T13:08:14-07:00,4,17
global.js,109,js,bb95e87c,namtpham26,2025-10-23,13:08:14,-07:00,2025-10-23T13:08:14-07:00,6,65
global.js,110,js,bb95e87c,namtpham26,2025-10-23,13:08:14,-07:00,2025-10-23T13:08:14-07:00,4,0
global.js,111,js,bb95e87c,namtpham26,2025-10-23,13:08:14,-07:00,2025-10-23T13:08:14-07:00,4,32
global.js,112,js,bb95e87c,namtpham26,2025-10-23,13:08:14,-07:00,2025-10-23T13:08:14-07:00,4,9
global.js,113,js,bb95e87c,namtpham26,2025-10-23,13:08:14,-07:00,2025-10-23T13:08:14-07:00,2,19
global.js,114,js,bb95e87c,namtpham26,2025-10-23,13:08:14,-07:00,2025-10-23T13:08:14-07:00,4,62
global.js,115,js,bb95e87c,namtpham26,2025-10-23,13:08:14,-07:00,2025-10-23T13:08:14-07:00,2,0
global.js,116,js,bb95e87c,namtpham26,2025-10-23,13:08:14,-07:00,2025-10-23T13:08:14-07:00,0,0
global.js,117,js,bb95e87c,namtpham26,2025-10-23,13:08:14,-07:00,2025-10-23T13:08:14-07:00,0,0
global.js,118,js,bb95e87c,namtpham26,2025-10-23,13:08:14,-07:00,2025-10-23T13:08:14-07:00,0,79
global.js,119,js,bb95e87c,namtpham26,2025-10-23,13:08:14,-07:00,2025-10-23T13:08:14-07:00,2,30
global.js,120,js,bb95e87c,namtpham26,2025-10-23,13:08:14,-07:00,2025-10-23T13:08:14-07:00,2,31
global.js,121,js,bb95e87c,namtpham26,2025-10-23,13:08:14,-07:00,2025-10-23T13:08:14-07:00,4,48
global.js,122,js,bb95e87c,namtpham26,2025-10-23,13:08:14,-07:00,2025-10-23T13:08:14-07:00,4,19
global.js,123,js,bb95e87c,namtpham26,2025-10-23,13:08:14,-07:00,2025-10-23T13:08:14-07:00,6,49
global.js,124,js,bb95e87c,namtpham26,2025-10-23,13:08:14,-07:00,2025-10-23T13:08:14-07:00,6,53
global.js,125,js,0c0af994,namtpham26,2025-10-28,21:05:09,-07:00,2025-10-28T21:05:09-07:00,6,3
global.js,126,js,0c0af994,namtpham26,2025-10-28,21:05:09,-07:00,2025-10-28T21:05:09-07:00,8,57
global.js,127,js,0c0af994,namtpham26,2025-10-28,21:05:09,-07:00,2025-10-28T21:05:09-07:00,8,43
global.js,128,js,0c0af994,namtpham26,2025-10-28,21:05:09,-07:00,2025-10-28T21:05:09-07:00,6,4
global.js,129,js,0c0af994,namtpham26,2025-10-28,21:05:09,-07:00,2025-10-28T21:05:09-07:00,0,0
global.js,130,js,bb95e87c,namtpham26,2025-10-23,13:08:14,-07:00,2025-10-23T13:08:14-07:00,4,0
global.js,131,js,bb95e87c,namtpham26,2025-10-23,13:08:14,-07:00,2025-10-23T13:08:14-07:00,4,36
global.js,132,js,0c0af994,namtpham26,2025-10-28,21:05:09,-07:00,2025-10-28T21:05:09-07:00,2,0
global.js,133,js,bb95e87c,namtpham26,2025-10-23,13:08:14,-07:00,2025-10-23T13:08:14-07:00,0,0
global.js,134,js,bb95e87c,namtpham26,2025-10-23,13:08:14,-07:00,2025-10-23T13:08:14-07:00,0,0
global.js,135,js,bb95e87c,namtpham26,2025-10-23,13:08:14,-07:00,2025-10-23T13:08:14-07:00,0,47
global.js,136,js,bb95e87c,namtpham26,2025-10-23,13:08:14,-07:00,2025-10-23T13:08:14-07:00,2,59
global.js,137,js,bb95e87c,namtpham26,2025-10-23,13:08:14,-07:00,2025-10-23T13:08:14-07:00,0,0
resume\index.html,1,html,018338c1,namtpham26,2025-10-03,03:48:20,-07:00,2025-10-03T03:48:20-07:00,0,13
resume\index.html,2,html,018338c1,namtpham26,2025-10-03,03:48:20,-07:00,2025-10-03T03:48:20-07:00,0,14
resume\index.html,3,html,018338c1,namtpham26,2025-10-03,03:48:20,-07:00,2025-10-03T03:48:20-07:00,0,4
resume\index.html,4,html,018338c1,namtpham26,2025-10-03,03:48:20,-07:00,2025-10-03T03:48:20-07:00,2,20
resume\index.html,5,html,018338c1,namtpham26,2025-10-03,03:48:20,-07:00,2025-10-03T03:48:20-07:00,2,68
resume\index.html,6,html,018338c1,namtpham26,2025-10-03,03:48:20,-07:00,2025-10-03T03:48:20-07:00,2,21
resume\index.html,7,html,ecb8fb73,namtpham26,2025-10-14,18:12:55,-07:00,2025-10-14T18:12:55-07:00,2,8
resume\index.html,8,html,908f7a01,namtpham26,2025-10-09,07:03:32,-07:00,2025-10-09T07:03:32-07:00,4,32
resume\index.html,9,html,908f7a01,namtpham26,2025-10-09,07:03:32,-07:00,2025-10-09T07:03:32-07:00,4,45
resume\index.html,10,html,908f7a01,namtpham26,2025-10-09,07:03:32,-07:00,2025-10-09T07:03:32-07:00,4,43
resume\index.html,11,html,ecb8fb73,namtpham26,2025-10-14,18:12:55,-07:00,2025-10-14T18:12:55-07:00,4,41
resume\index.html,12,html,018338c1,namtpham26,2025-10-03,03:48:20,-07:00,2025-10-03T03:48:20-07:00,4,39
resume\index.html,13,html,018338c1,namtpham26,2025-10-03,03:48:20,-07:00,2025-10-03T03:48:20-07:00,6,15
resume\index.html,14,html,908f7a01,namtpham26,2025-10-09,07:03:32,-07:00,2025-10-09T07:03:32-07:00,6,5
resume\index.html,15,html,018338c1,namtpham26,2025-10-03,03:48:20,-07:00,2025-10-03T03:48:20-07:00,4,2
resume\index.html,16,html,ecb8fb73,namtpham26,2025-10-14,18:12:55,-07:00,2025-10-14T18:12:55-07:00,2,8
resume\index.html,17,html,908f7a01,namtpham26,2025-10-09,07:03:32,-07:00,2025-10-09T07:03:32-07:00,2,45
resume\index.html,18,html,20b6f8ff,namtpham26,2025-10-23,11:11:28,-07:00,2025-10-23T11:11:28-07:00,2,52
resume\index.html,19,html,018338c1,namtpham26,2025-10-03,03:48:20,-07:00,2025-10-03T03:48:20-07:00,0,5
resume\index.html,20,html,018338c1,namtpham26,2025-10-03,03:48:20,-07:00,2025-10-03T03:48:20-07:00,0,4
resume\index.html,21,html,ecb8fb73,namtpham26,2025-10-14,18:12:55,-07:00,2025-10-14T18:12:55-07:00,2,0
resume\index.html,22,html,908f7a01,namtpham26,2025-10-09,07:03:32,-07:00,2025-10-09T07:03:32-07:00,2,7
resume\index.html,23,html,908f7a01,namtpham26,2025-10-09,07:03:32,-07:00,2025-10-09T07:03:32-07:00,4,15
resume\index.html,24,html,908f7a01,namtpham26,2025-10-09,07:03:32,-07:00,2025-10-09T07:03:32-07:00,4,31
resume\index.html,25,html,908f7a01,namtpham26,2025-10-09,07:03:32,-07:00,2025-10-09T07:03:32-07:00,2,8
resume\index.html,26,html,018338c1,namtpham26,2025-10-03,03:48:20,-07:00,2025-10-03T03:48:20-07:00,2,7
resume\index.html,27,html,018338c1,namtpham26,2025-10-03,03:48:20,-07:00,2025-10-03T03:48:20-07:00,4,19
resume\index.html,28,html,3109863d,namtpham26,2025-10-09,07:11:28,-07:00,2025-10-09T07:11:28-07:00,4,54
resume\index.html,29,html,908f7a01,namtpham26,2025-10-09,07:03:32,-07:00,2025-10-09T07:03:32-07:00,4,29
resume\index.html,30,html,908f7a01,namtpham26,2025-10-09,07:03:32,-07:00,2025-10-09T07:03:32-07:00,4,29
resume\index.html,31,html,908f7a01,namtpham26,2025-10-09,07:03:32,-07:00,2025-10-09T07:03:32-07:00,4,55
resume\index.html,32,html,018338c1,namtpham26,2025-10-03,03:48:20,-07:00,2025-10-03T03:48:20-07:00,2,8
resume\index.html,33,html,018338c1,namtpham26,2025-10-03,03:48:20,-07:00,2025-10-03T03:48:20-07:00,2,7
resume\index.html,34,html,018338c1,namtpham26,2025-10-03,03:48:20,-07:00,2025-10-03T03:48:20-07:00,4,16
resume\index.html,35,html,908f7a01,namtpham26,2025-10-09,07:03:32,-07:00,2025-10-09T07:03:32-07:00,4,54
resume\index.html,36,html,908f7a01,namtpham26,2025-10-09,07:03:32,-07:00,2025-10-09T07:03:32-07:00,4,24
resume\index.html,37,html,908f7a01,namtpham26,2025-10-09,07:03:32,-07:00,2025-10-09T07:03:32-07:00,4,49
resume\index.html,38,html,908f7a01,namtpham26,2025-10-09,07:03:32,-07:00,2025-10-09T07:03:32-07:00,4,22
resume\index.html,39,html,908f7a01,namtpham26,2025-10-09,07:03:32,-07:00,2025-10-09T07:03:32-07:00,4,50
resume\index.html,40,html,908f7a01,namtpham26,2025-10-09,07:03:32,-07:00,2025-10-09T07:03:32-07:00,4,24
resume\index.html,41,html,018338c1,namtpham26,2025-10-03,03:48:20,-07:00,2025-10-03T03:48:20-07:00,2,8
resume\index.html,42,html,018338c1,namtpham26,2025-10-03,03:48:20,-07:00,2025-10-03T03:48:20-07:00,2,7
resume\index.html,43,html,018338c1,namtpham26,2025-10-03,03:48:20,-07:00,2025-10-03T03:48:20-07:00,4,12
resume\index.html,44,html,908f7a01,namtpham26,2025-10-09,07:03:32,-07:00,2025-10-09T07:03:32-07:00,4,36
resume\index.html,45,html,908f7a01,namtpham26,2025-10-09,07:03:32,-07:00,2025-10-09T07:03:32-07:00,4,38
resume\index.html,46,html,908f7a01,namtpham26,2025-10-09,07:03:32,-07:00,2025-10-09T07:03:32-07:00,4,17
resume\index.html,47,html,018338c1,namtpham26,2025-10-03,03:48:20,-07:00,2025-10-03T03:48:20-07:00,2,8
resume\index.html,48,html,ecb8fb73,namtpham26,2025-10-14,18:12:55,-07:00,2025-10-14T18:12:55-07:00,2,36
resume\index.html,49,html,018338c1,namtpham26,2025-10-03,03:48:20,-07:00,2025-10-03T03:48:20-07:00,0,5
resume\index.html,50,html,018338c1,namtpham26,2025-10-03,03:48:20,-07:00,2025-10-03T03:48:20-07:00,0,5
projects\projects.js,1,js,dceea928,namtpham26,2025-10-23,11:04:25,-07:00,2025-10-23T11:04:25-07:00,0,55
projects\projects.js,2,js,0c0af994,namtpham26,2025-10-28,21:05:09,-07:00,2025-10-28T21:05:09-07:00,0,63
projects\projects.js,3,js,dceea928,namtpham26,2025-10-23,11:04:25,-07:00,2025-10-23T11:04:25-07:00,0,0
projects\projects.js,4,js,dceea928,namtpham26,2025-10-23,11:04:25,-07:00,2025-10-23T11:04:25-07:00,0,55
projects\projects.js,5,js,dceea928,namtpham26,2025-10-23,11:04:25,-07:00,2025-10-23T11:04:25-07:00,0,60
projects\projects.js,6,js,dceea928,namtpham26,2025-10-23,11:04:25,-07:00,2025-10-23T11:04:25-07:00,0,48
projects\projects.js,7,js,dceea928,namtpham26,2025-10-23,11:04:25,-07:00,2025-10-23T11:04:25-07:00,0,0
projects\projects.js,8,js,dceea928,namtpham26,2025-10-23,11:04:25,-07:00,2025-10-23T11:04:25-07:00,0,55
projects\projects.js,9,js,0c0af994,namtpham26,2025-10-28,21:05:09,-07:00,2025-10-28T21:05:09-07:00,0,51
projects\projects.js,10,js,0c0af994,namtpham26,2025-10-28,21:05:09,-07:00,2025-10-28T21:05:09-07:00,0,0
projects\projects.js,11,js,0c0af994,namtpham26,2025-10-28,21:05:09,-07:00,2025-10-28T21:05:09-07:00,0,15
projects\projects.js,12,js,0c0af994,namtpham26,2025-10-28,21:05:09,-07:00,2025-10-28T21:05:09-07:00,0,0
projects\projects.js,13,js,0c0af994,namtpham26,2025-10-28,21:05:09,-07:00,2025-10-28T21:05:09-07:00,0,53
projects\projects.js,14,js,0c0af994,namtpham26,2025-10-28,21:05:09,-07:00,2025-10-28T21:05:09-07:00,0,45
projects\projects.js,15,js,0c0af994,namtpham26,2025-10-28,21:05:09,-07:00,2025-10-28T21:05:09-07:00,0,32
projects\projects.js,16,js,0c0af994,namtpham26,2025-10-28,21:05:09,-07:00,2025-10-28T21:05:09-07:00,2,7
projects\projects.js,17,js,0c0af994,namtpham26,2025-10-28,21:05:09,-07:00,2025-10-28T21:05:09-07:00,2,14
projects\projects.js,18,js,0c0af994,namtpham26,2025-10-28,21:05:09,-07:00,2025-10-28T21:05:09-07:00,2,12
projects\projects.js,19,js,0c0af994,namtpham26,2025-10-28,21:05:09,-07:00,2025-10-28T21:05:09-07:00,2,0
projects\projects.js,20,js,0c0af994,namtpham26,2025-10-28,21:05:09,-07:00,2025-10-28T21:05:09-07:00,0,56
projects\projects.js,21,js,0c0af994,namtpham26,2025-10-28,21:05:09,-07:00,2025-10-28T21:05:09-07:00,4,35
projects\projects.js,22,js,0c0af994,namtpham26,2025-10-28,21:05:09,-07:00,2025-10-28T21:05:09-07:00,2,1
projects\projects.js,23,js,0c0af994,namtpham26,2025-10-28,21:05:09,-07:00,2025-10-28T21:05:09-07:00,0,0
projects\projects.js,24,js,0c0af994,namtpham26,2025-10-28,21:05:09,-07:00,2025-10-28T21:05:09-07:00,0,30
projects\projects.js,25,js,0c0af994,namtpham26,2025-10-28,21:05:09,-07:00,2025-10-28T21:05:09-07:00,2,13
projects\projects.js,26,js,0c0af994,namtpham26,2025-10-28,21:05:09,-07:00,2025-10-28T21:05:09-07:00,4,12
projects\projects.js,27,js,0c0af994,namtpham26,2025-10-28,21:05:09,-07:00,2025-10-28T21:05:09-07:00,6,72
projects\projects.js,28,js,0c0af994,namtpham26,2025-10-28,21:05:09,-07:00,2025-10-28T21:05:09-07:00,4,0
projects\projects.js,29,js,0c0af994,namtpham26,2025-10-28,21:05:09,-07:00,2025-10-28T21:05:09-07:00,4,12
projects\projects.js,30,js,0c0af994,namtpham26,2025-10-28,21:05:09,-07:00,2025-10-28T21:05:09-07:00,6,87
projects\projects.js,31,js,0c0af994,namtpham26,2025-10-28,21:05:09,-07:00,2025-10-28T21:05:09-07:00,4,1
projects\projects.js,32,js,0c0af994,namtpham26,2025-10-28,21:05:09,-07:00,2025-10-28T21:05:09-07:00,0,0
projects\projects.js,33,js,0c0af994,namtpham26,2025-10-28,21:05:09,-07:00,2025-10-28T21:05:09-07:00,0,0
projects\projects.js,34,js,0c0af994,namtpham26,2025-10-28,21:05:09,-07:00,2025-10-28T21:05:09-07:00,0,65
projects\projects.js,35,js,0c0af994,namtpham26,2025-10-28,21:05:09,-07:00,2025-10-28T21:05:09-07:00,0,40
projects\projects.js,36,js,0c0af994,namtpham26,2025-10-28,21:05:09,-07:00,2025-10-28T21:05:09-07:00,0,38
projects\projects.js,37,js,0c0af994,namtpham26,2025-10-28,21:05:09,-07:00,2025-10-28T21:05:09-07:00,2,47
projects\projects.js,38,js,0c0af994,namtpham26,2025-10-28,21:05:09,-07:00,2025-10-28T21:05:09-07:00,2,25
projects\projects.js,39,js,0c0af994,namtpham26,2025-10-28,21:05:09,-07:00,2025-10-28T21:05:09-07:00,2,29
projects\projects.js,40,js,0c0af994,namtpham26,2025-10-28,21:05:09,-07:00,2025-10-28T21:05:09-07:00,2,12
projects\projects.js,41,js,0c0af994,namtpham26,2025-10-28,21:05:09,-07:00,2025-10-28T21:05:09-07:00,2,14
projects\projects.js,42,js,0c0af994,namtpham26,2025-10-28,21:05:09,-07:00,2025-10-28T21:05:09-07:00,2,12
projects\projects.js,43,js,0c0af994,namtpham26,2025-10-28,21:05:09,-07:00,2025-10-28T21:05:09-07:00,2,0
projects\projects.js,44,js,0c0af994,namtpham26,2025-10-28,21:05:09,-07:00,2025-10-28T21:05:09-07:00,2,18
projects\projects.js,45,js,0c0af994,namtpham26,2025-10-28,21:05:09,-07:00,2025-10-28T21:05:09-07:00,2,50
projects\projects.js,46,js,0c0af994,namtpham26,2025-10-28,21:05:09,-07:00,2025-10-28T21:05:09-07:00,4,35
projects\projects.js,47,js,0c0af994,namtpham26,2025-10-28,21:05:09,-07:00,2025-10-28T21:05:09-07:00,2,1
projects\projects.js,48,js,0c0af994,namtpham26,2025-10-28,21:05:09,-07:00,2025-10-28T21:05:09-07:00,2,18
projects\projects.js,49,js,0c0af994,namtpham26,2025-10-28,21:05:09,-07:00,2025-10-28T21:05:09-07:00,2,50
projects\projects.js,50,js,0c0af994,namtpham26,2025-10-28,21:05:09,-07:00,2025-10-28T21:05:09-07:00,2,60
projects\projects.js,51,js,0c0af994,namtpham26,2025-10-28,21:05:09,-07:00,2025-10-28T21:05:09-07:00,2,53
projects\projects.js,52,js,0c0af994,namtpham26,2025-10-28,21:05:09,-07:00,2025-10-28T21:05:09-07:00,2,42
projects\projects.js,53,js,0c0af994,namtpham26,2025-10-28,21:05:09,-07:00,2025-10-28T21:05:09-07:00,2,54
projects\projects.js,54,js,0c0af994,namtpham26,2025-10-28,21:05:09,-07:00,2025-10-28T21:05:09-07:00,2,33
projects\projects.js,55,js,0c0af994,namtpham26,2025-10-28,21:05:09,-07:00,2025-10-28T21:05:09-07:00,2,39
projects\projects.js,56,js,0c0af994,namtpham26,2025-10-28,21:05:09,-07:00,2025-10-28T21:05:09-07:00,2,43
projects\projects.js,57,js,0c0af994,namtpham26,2025-10-28,21:05:09,-07:00,2025-10-28T21:05:09-07:00,2,52
projects\projects.js,58,js,0c0af994,namtpham26,2025-10-28,21:05:09,-07:00,2025-10-28T21:05:09-07:00,2,29
projects\projects.js,59,js,0c0af994,namtpham26,2025-10-28,21:05:09,-07:00,2025-10-28T21:05:09-07:00,4,14
projects\projects.js,60,js,0c0af994,namtpham26,2025-10-28,21:05:09,-07:00,2025-10-28T21:05:09-07:00,4,13
projects\projects.js,61,js,0c0af994,namtpham26,2025-10-28,21:05:09,-07:00,2025-10-28T21:05:09-07:00,4,13
projects\projects.js,62,js,0c0af994,namtpham26,2025-10-28,21:05:09,-07:00,2025-10-28T21:05:09-07:00,4,24
projects\projects.js,63,js,0c0af994,namtpham26,2025-10-28,21:05:09,-07:00,2025-10-28T21:05:09-07:00,2,1
projects\projects.js,64,js,0c0af994,namtpham26,2025-10-28,21:05:09,-07:00,2025-10-28T21:05:09-07:00,2,35
projects\projects.js,65,js,0c0af994,namtpham26,2025-10-28,21:05:09,-07:00,2025-10-28T21:05:09-07:00,2,27
projects\projects.js,66,js,0c0af994,namtpham26,2025-10-28,21:05:09,-07:00,2025-10-28T21:05:09-07:00,2,20
projects\projects.js,67,js,0c0af994,namtpham26,2025-10-28,21:05:09,-07:00,2025-10-28T21:05:09-07:00,4,93
projects\projects.js,68,js,0c0af994,namtpham26,2025-10-28,21:05:09,-07:00,2025-10-28T21:05:09-07:00,4,27
projects\projects.js,69,js,0c0af994,namtpham26,2025-10-28,21:05:09,-07:00,2025-10-28T21:05:09-07:00,4,99
projects\projects.js,70,js,0c0af994,namtpham26,2025-10-28,21:05:09,-07:00,2025-10-28T21:05:09-07:00,2,1
projects\projects.js,71,js,0c0af994,namtpham26,2025-10-28,21:05:09,-07:00,2025-10-28T21:05:09-07:00,0,0
projects\projects.js,72,js,0c0af994,namtpham26,2025-10-28,21:05:09,-07:00,2025-10-28T21:05:09-07:00,2,15
projects\projects.js,73,js,0c0af994,namtpham26,2025-10-28,21:05:09,-07:00,2025-10-28T21:05:09-07:00,2,17
projects\projects.js,74,js,0c0af994,namtpham26,2025-10-28,21:05:09,-07:00,2025-10-28T21:05:09-07:00,2,25
projects\projects.js,75,js,0c0af994,namtpham26,2025-10-28,21:05:09,-07:00,2025-10-28T21:05:09-07:00,2,29
projects\projects.js,76,js,0c0af994,namtpham26,2025-10-28,21:05:09,-07:00,2025-10-28T21:05:09-07:00,2,27
projects\projects.js,77,js,0c0af994,namtpham26,2025-10-28,21:05:09,-07:00,2025-10-28T21:05:09-07:00,4,16
projects\projects.js,78,js,0c0af994,namtpham26,2025-10-28,21:05:09,-07:00,2025-10-28T21:05:09-07:00,6,13
projects\projects.js,79,js,0c0af994,namtpham26,2025-10-28,21:05:09,-07:00,2025-10-28T21:05:09-07:00,6,22
projects\projects.js,80,js,0c0af994,namtpham26,2025-10-28,21:05:09,-07:00,2025-10-28T21:05:09-07:00,6,18
projects\projects.js,81,js,0c0af994,namtpham26,2025-10-28,21:05:09,-07:00,2025-10-28T21:05:09-07:00,8,43
projects\projects.js,82,js,0c0af994,namtpham26,2025-10-28,21:05:09,-07:00,2025-10-28T21:05:09-07:00,8,39
projects\projects.js,83,js,0c0af994,namtpham26,2025-10-28,21:05:09,-07:00,2025-10-28T21:05:09-07:00,10,26
projects\projects.js,84,js,0c0af994,namtpham26,2025-10-28,21:05:09,-07:00,2025-10-28T21:05:09-07:00,12,68
projects\projects.js,85,js,0c0af994,namtpham26,2025-10-28,21:05:09,-07:00,2025-10-28T21:05:09-07:00,12,39
projects\projects.js,86,js,0c0af994,namtpham26,2025-10-28,21:05:09,-07:00,2025-10-28T21:05:09-07:00,10,0
projects\projects.js,87,js,0c0af994,namtpham26,2025-10-28,21:05:09,-07:00,2025-10-28T21:05:09-07:00,10,28
projects\projects.js,88,js,0c0af994,namtpham26,2025-10-28,21:05:09,-07:00,2025-10-28T21:05:09-07:00,12,76
projects\projects.js,89,js,0c0af994,namtpham26,2025-10-28,21:05:09,-07:00,2025-10-28T21:05:09-07:00,12,66
projects\projects.js,90,js,0c0af994,namtpham26,2025-10-28,21:05:09,-07:00,2025-10-28T21:05:09-07:00,10,1
projects\projects.js,91,js,0c0af994,namtpham26,2025-10-28,21:05:09,-07:00,2025-10-28T21:05:09-07:00,0,0
projects\projects.js,92,js,0c0af994,namtpham26,2025-10-28,21:05:09,-07:00,2025-10-28T21:05:09-07:00,8,26
projects\projects.js,93,js,0c0af994,namtpham26,2025-10-28,21:05:09,-07:00,2025-10-28T21:05:09-07:00,10,29
projects\projects.js,94,js,0c0af994,namtpham26,2025-10-28,21:05:09,-07:00,2025-10-28T21:05:09-07:00,12,76
projects\projects.js,95,js,0c0af994,namtpham26,2025-10-28,21:05:09,-07:00,2025-10-28T21:05:09-07:00,12,66
projects\projects.js,96,js,0c0af994,namtpham26,2025-10-28,21:05:09,-07:00,2025-10-28T21:05:09-07:00,10,0
projects\projects.js,97,js,0c0af994,namtpham26,2025-10-28,21:05:09,-07:00,2025-10-28T21:05:09-07:00,10,26
projects\projects.js,98,js,0c0af994,namtpham26,2025-10-28,21:05:09,-07:00,2025-10-28T21:05:09-07:00,12,60
projects\projects.js,99,js,0c0af994,namtpham26,2025-10-28,21:05:09,-07:00,2025-10-28T21:05:09-07:00,10,1
projects\projects.js,100,js,0c0af994,namtpham26,2025-10-28,21:05:09,-07:00,2025-10-28T21:05:09-07:00,8,25
projects\projects.js,101,js,0c0af994,namtpham26,2025-10-28,21:05:09,-07:00,2025-10-28T21:05:09-07:00,10,45
projects\projects.js,102,js,0c0af994,namtpham26,2025-10-28,21:05:09,-07:00,2025-10-28T21:05:09-07:00,10,56
projects\projects.js,103,js,0c0af994,namtpham26,2025-10-28,21:05:09,-07:00,2025-10-28T21:05:09-07:00,8,6
projects\projects.js,104,js,0c0af994,namtpham26,2025-10-28,21:05:09,-07:00,2025-10-28T21:05:09-07:00,10,49
projects\projects.js,105,js,0c0af994,namtpham26,2025-10-28,21:05:09,-07:00,2025-10-28T21:05:09-07:00,10,51
projects\projects.js,106,js,0c0af994,namtpham26,2025-10-28,21:05:09,-07:00,2025-10-28T21:05:09-07:00,0,0
projects\projects.js,107,js,0c0af994,namtpham26,2025-10-28,21:05:09,-07:00,2025-10-28T21:05:09-07:00,10,30
projects\projects.js,108,js,0c0af994,namtpham26,2025-10-28,21:05:09,-07:00,2025-10-28T21:05:09-07:00,10,45
projects\projects.js,109,js,0c0af994,namtpham26,2025-10-28,21:05:09,-07:00,2025-10-28T21:05:09-07:00,0,0
projects\projects.js,110,js,0c0af994,namtpham26,2025-10-28,21:05:09,-07:00,2025-10-28T21:05:09-07:00,10,25
projects\projects.js,111,js,0c0af994,namtpham26,2025-10-28,21:05:09,-07:00,2025-10-28T21:05:09-07:00,10,56
projects\projects.js,112,js,0c0af994,namtpham26,2025-10-28,21:05:09,-07:00,2025-10-28T21:05:09-07:00,8,0
projects\projects.js,113,js,0c0af994,namtpham26,2025-10-28,21:05:09,-07:00,2025-10-28T21:05:09-07:00,4,1
projects\projects.js,114,js,0c0af994,namtpham26,2025-10-28,21:05:09,-07:00,2025-10-28T21:05:09-07:00,2,1
projects\projects.js,115,js,0c0af994,namtpham26,2025-10-28,21:05:09,-07:00,2025-10-28T21:05:09-07:00,2,0
projects\projects.js,116,js,0c0af994,namtpham26,2025-10-28,21:05:09,-07:00,2025-10-28T21:05:09-07:00,2,32
projects\projects.js,117,js,0c0af994,namtpham26,2025-10-28,21:05:09,-07:00,2025-10-28T21:05:09-07:00,0,23
projects\projects.js,118,js,0c0af994,namtpham26,2025-10-28,21:05:09,-07:00,2025-10-28T21:05:09-07:00,0,0
projects\projects.js,119,js,0c0af994,namtpham26,2025-10-28,21:05:09,-07:00,2025-10-28T21:05:09-07:00,0,53
projects\projects.js,120,js,0c0af994,namtpham26,2025-10-28,21:05:09,-07:00,2025-10-28T21:05:09-07:00,0,49
projects\projects.js,121,js,0c0af994,namtpham26,2025-10-28,21:05:09,-07:00,2025-10-28T21:05:09-07:00,2,88
projects\projects.js,122,js,0c0af994,namtpham26,2025-10-28,21:05:09,-07:00,2025-10-28T21:05:09-07:00,2,24
projects\projects.js,123,js,0c0af994,namtpham26,2025-10-28,21:05:09,-07:00,2025-10-28T21:05:09-07:00,2,54
projects\projects.js,124,js,0c0af994,namtpham26,2025-10-28,21:05:09,-07:00,2025-10-28T21:05:09-07:00,2,66
projects\projects.js,125,js,0c0af994,namtpham26,2025-10-28,21:05:09,-07:00,2025-10-28T21:05:09-07:00,2,49
projects\projects.js,126,js,0c0af994,namtpham26,2025-10-28,21:05:09,-07:00,2025-10-28T21:05:09-07:00,2,4
projects\projects.js,127,js,0c0af994,namtpham26,2025-10-28,21:05:09,-07:00,2025-10-28T21:05:09-07:00,2,43
projects\projects.js,128,js,0c0af994,namtpham26,2025-10-28,21:05:09,-07:00,2025-10-28T21:05:09-07:00,2,52
projects\projects.js,129,js,0c0af994,namtpham26,2025-10-28,21:05:09,-07:00,2025-10-28T21:05:09-07:00,2,56
projects\projects.js,130,js,0c0af994,namtpham26,2025-10-28,21:05:09,-07:00,2025-10-28T21:05:09-07:00,2,31
projects\projects.js,131,js,0c0af994,namtpham26,2025-10-28,21:05:09,-07:00,2025-10-28T21:05:09-07:00,0,1
projects\projects.js,132,js,0c0af994,namtpham26,2025-10-28,21:05:09,-07:00,2025-10-28T21:05:09-07:00,0,0
projects\projects.js,133,js,0c0af994,namtpham26,2025-10-28,21:05:09,-07:00,2025-10-28T21:05:09-07:00,0,0
projects\projects.js,134,js,0c0af994,namtpham26,2025-10-28,21:05:09,-07:00,2025-10-28T21:05:09-07:00,0,0
projects\projects.js,135,js,0c0af994,namtpham26,2025-10-28,21:05:09,-07:00,2025-10-28T21:05:09-07:00,0,0
projects\index.html,1,html,018338c1,namtpham26,2025-10-03,03:48:20,-07:00,2025-10-03T03:48:20-07:00,0,13
projects\index.html,2,html,018338c1,namtpham26,2025-10-03,03:48:20,-07:00,2025-10-03T03:48:20-07:00,0,14
projects\index.html,3,html,018338c1,namtpham26,2025-10-03,03:48:20,-07:00,2025-10-03T03:48:20-07:00,0,4
projects\index.html,4,html,018338c1,namtpham26,2025-10-03,03:48:20,-07:00,2025-10-03T03:48:20-07:00,2,20
projects\index.html,5,html,018338c1,namtpham26,2025-10-03,03:48:20,-07:00,2025-10-03T03:48:20-07:00,2,68
projects\index.html,6,html,018338c1,namtpham26,2025-10-03,03:48:20,-07:00,2025-10-03T03:48:20-07:00,2,21
projects\index.html,7,html,dceea928,namtpham26,2025-10-23,11:04:25,-07:00,2025-10-23T11:04:25-07:00,2,45
projects\index.html,8,html,dceea928,namtpham26,2025-10-23,11:04:25,-07:00,2025-10-23T11:04:25-07:00,2,52
projects\index.html,9,html,dceea928,namtpham26,2025-10-23,11:04:25,-07:00,2025-10-23T11:04:25-07:00,2,51
projects\index.html,10,html,018338c1,namtpham26,2025-10-03,03:48:20,-07:00,2025-10-03T03:48:20-07:00,0,5
projects\index.html,11,html,018338c1,namtpham26,2025-10-03,03:48:20,-07:00,2025-10-03T03:48:20-07:00,0,4
projects\index.html,12,html,dceea928,namtpham26,2025-10-23,11:04:25,-07:00,2025-10-23T11:04:25-07:00,2,33
projects\index.html,13,html,0c0af994,namtpham26,2025-10-28,21:05:09,-07:00,2025-10-28T21:05:09-07:00,2,21
projects\index.html,14,html,0c0af994,namtpham26,2025-10-28,21:05:09,-07:00,2025-10-28T21:05:09-07:00,4,58
projects\index.html,15,html,0c0af994,namtpham26,2025-10-28,21:05:09,-07:00,2025-10-28T21:05:09-07:00,4,22
projects\index.html,16,html,0c0af994,namtpham26,2025-10-28,21:05:09,-07:00,2025-10-28T21:05:09-07:00,2,4
projects\index.html,17,html,0c0af994,namtpham26,2025-10-28,21:05:09,-07:00,2025-10-28T21:05:09-07:00,2,4
projects\index.html,18,html,0c0af994,namtpham26,2025-10-28,21:05:09,-07:00,2025-10-28T21:05:09-07:00,4,15
projects\index.html,19,html,0c0af994,namtpham26,2025-10-28,21:05:09,-07:00,2025-10-28T21:05:09-07:00,4,11
projects\index.html,20,html,0c0af994,namtpham26,2025-10-28,21:05:09,-07:00,2025-10-28T21:05:09-07:00,4,26
projects\index.html,21,html,0c0af994,namtpham26,2025-10-28,21:05:09,-07:00,2025-10-28T21:05:09-07:00,4,31
projects\index.html,22,html,0c0af994,namtpham26,2025-10-28,21:05:09,-07:00,2025-10-28T21:05:09-07:00,2,0
projects\index.html,23,html,908f7a01,namtpham26,2025-10-09,07:03:32,-07:00,2025-10-09T07:03:32-07:00,2,20
projects\index.html,24,html,908f7a01,namtpham26,2025-10-09,07:03:32,-07:00,2025-10-09T07:03:32-07:00,2,4
projects\index.html,25,html,0c0af994,namtpham26,2025-10-28,21:05:09,-07:00,2025-10-28T21:05:09-07:00,0,0
projects\index.html,26,html,018338c1,namtpham26,2025-10-03,03:48:20,-07:00,2025-10-03T03:48:20-07:00,0,5
projects\index.html,27,html,018338c1,namtpham26,2025-10-03,03:48:20,-07:00,2025-10-03T03:48:20-07:00,0,5
project2\project2_report.html,1,html,9f0e4fc7,namtpham26,2025-10-24,16:31:21,-07:00,2025-10-24T16:31:21-07:00,0,13
project2\project2_report.html,2,html,9f0e4fc7,namtpham26,2025-10-24,16:31:21,-07:00,2025-10-24T16:31:21-07:00,0,14
project2\project2_report.html,3,html,9f0e4fc7,namtpham26,2025-10-24,16:31:21,-07:00,2025-10-24T16:31:21-07:00,1,4
project2\project2_report.html,4,html,9f0e4fc7,namtpham26,2025-10-24,16:31:21,-07:00,2025-10-24T16:31:21-07:00,2,29
project2\project2_report.html,5,html,9f0e4fc7,namtpham26,2025-10-24,16:31:21,-07:00,2025-10-24T16:31:21-07:00,2,5
project2\project2_report.html,6,html,9f0e4fc7,namtpham26,2025-10-24,16:31:21,-07:00,2025-10-24T16:31:21-07:00,3,5
project2\project2_report.html,7,html,9f0e4fc7,namtpham26,2025-10-24,16:31:21,-07:00,2025-10-24T16:31:21-07:00,4,35
project2\project2_report.html,8,html,9f0e4fc7,namtpham26,2025-10-24,16:31:21,-07:00,2025-10-24T16:31:21-07:00,4,35
project2\project2_report.html,9,html,9f0e4fc7,namtpham26,2025-10-24,16:31:21,-07:00,2025-10-24T16:31:21-07:00,4,35
project2\project2_report.html,10,html,9f0e4fc7,namtpham26,2025-10-24,16:31:21,-07:00,2025-10-24T16:31:21-07:00,4,35
project2\project2_report.html,11,html,9f0e4fc7,namtpham26,2025-10-24,16:31:21,-07:00,2025-10-24T16:31:21-07:00,4,35
project2\project2_report.html,12,html,9f0e4fc7,namtpham26,2025-10-24,16:31:21,-07:00,2025-10-24T16:31:21-07:00,4,35
project2\project2_report.html,13,html,9f0e4fc7,namtpham26,2025-10-24,16:31:21,-07:00,2025-10-24T16:31:21-07:00,4,35
project2\project2_report.html,14,html,9f0e4fc7,namtpham26,2025-10-24,16:31:21,-07:00,2025-10-24T16:31:21-07:00,4,35
project2\project2_report.html,15,html,9f0e4fc7,namtpham26,2025-10-24,16:31:21,-07:00,2025-10-24T16:31:21-07:00,4,35
project2\project2_report.html,16,html,9f0e4fc7,namtpham26,2025-10-24,16:31:21,-07:00,2025-10-24T16:31:21-07:00,4,35
project2\project2_report.html,17,html,9f0e4fc7,namtpham26,2025-10-24,16:31:21,-07:00,2025-10-24T16:31:21-07:00,3,0
project2\project2_report.html,18,html,9f0e4fc7,namtpham26,2025-10-24,16:31:21,-07:00,2025-10-24T16:31:21-07:00,0,0
project2\project2_report.html,19,html,9f0e4fc7,namtpham26,2025-10-24,16:31:21,-07:00,2025-10-24T16:31:21-07:00,3,4
project2\project2_report.html,20,html,9f0e4fc7,namtpham26,2025-10-24,16:31:21,-07:00,2025-10-24T16:31:21-07:00,4,23
project2\project2_report.html,21,html,9f0e4fc7,namtpham26,2025-10-24,16:31:21,-07:00,2025-10-24T16:31:21-07:00,4,20
project2\project2_report.html,22,html,9f0e4fc7,namtpham26,2025-10-24,16:31:21,-07:00,2025-10-24T16:31:21-07:00,4,34
project2\project2_report.html,23,html,9f0e4fc7,namtpham26,2025-10-24,16:31:21,-07:00,2025-10-24T16:31:21-07:00,4,25
project2\project2_report.html,24,html,9f0e4fc7,namtpham26,2025-10-24,16:31:21,-07:00,2025-10-24T16:31:21-07:00,4,13
project2\project2_report.html,25,html,9f0e4fc7,namtpham26,2025-10-24,16:31:21,-07:00,2025-10-24T16:31:21-07:00,3,0
project2\project2_report.html,26,html,9f0e4fc7,namtpham26,2025-10-24,16:31:21,-07:00,2025-10-24T16:31:21-07:00,0,0
project2\project2_report.html,27,html,9f0e4fc7,namtpham26,2025-10-24,16:31:21,-07:00,2025-10-24T16:31:21-07:00,3,12
project2\project2_report.html,28,html,9f0e4fc7,namtpham26,2025-10-24,16:31:21,-07:00,2025-10-24T16:31:21-07:00,0,0
project2\project2_report.html,29,html,9f0e4fc7,namtpham26,2025-10-24,16:31:21,-07:00,2025-10-24T16:31:21-07:00,3,1
project2\project2_report.html,30,html,9f0e4fc7,namtpham26,2025-10-24,16:31:21,-07:00,2025-10-24T16:31:21-07:00,3,1
project2\project2_report.html,31,html,9f0e4fc7,namtpham26,2025-10-24,16:31:21,-07:00,2025-10-24T16:31:21-07:00,3,1
project2\project2_report.html,32,html,9f0e4fc7,namtpham26,2025-10-24,16:31:21,-07:00,2025-10-24T16:31:21-07:00,3,1
project2\project2_report.html,33,html,9f0e4fc7,namtpham26,2025-10-24,16:31:21,-07:00,2025-10-24T16:31:21-07:00,3,1
project2\project2_report.html,34,html,9f0e4fc7,namtpham26,2025-10-24,16:31:21,-07:00,2025-10-24T16:31:21-07:00,3,2
project2\project2_report.html,35,html,9f0e4fc7,namtpham26,2025-10-24,16:31:21,-07:00,2025-10-24T16:31:21-07:00,4,15
project2\project2_report.html,36,html,9f0e4fc7,namtpham26,2025-10-24,16:31:21,-07:00,2025-10-24T16:31:21-07:00,4,15
project2\project2_report.html,37,html,9f0e4fc7,namtpham26,2025-10-24,16:31:21,-07:00,2025-10-24T16:31:21-07:00,4,17
project2\project2_report.html,38,html,9f0e4fc7,namtpham26,2025-10-24,16:31:21,-07:00,2025-10-24T16:31:21-07:00,3,0
project2\project2_report.html,39,html,9f0e4fc7,namtpham26,2025-10-24,16:31:21,-07:00,2025-10-24T16:31:21-07:00,0,0
project2\project2_report.html,40,html,9f0e4fc7,namtpham26,2025-10-24,16:31:21,-07:00,2025-10-24T16:31:21-07:00,3,1
project2\project2_report.html,41,html,9f0e4fc7,namtpham26,2025-10-24,16:31:21,-07:00,2025-10-24T16:31:21-07:00,3,2
project2\project2_report.html,42,html,9f0e4fc7,namtpham26,2025-10-24,16:31:21,-07:00,2025-10-24T16:31:21-07:00,4,47
project2\project2_report.html,43,html,9f0e4fc7,namtpham26,2025-10-24,16:31:21,-07:00,2025-10-24T16:31:21-07:00,4,20
project2\project2_report.html,44,html,9f0e4fc7,namtpham26,2025-10-24,16:31:21,-07:00,2025-10-24T16:31:21-07:00,3,0
project2\project2_report.html,45,html,9f0e4fc7,namtpham26,2025-10-24,16:31:21,-07:00,2025-10-24T16:31:21-07:00,0,0
project2\project2_report.html,46,html,9f0e4fc7,namtpham26,2025-10-24,16:31:21,-07:00,2025-10-24T16:31:21-07:00,3,2
project2\project2_report.html,47,html,9f0e4fc7,namtpham26,2025-10-24,16:31:21,-07:00,2025-10-24T16:31:21-07:00,4,23
project2\project2_report.html,48,html,9f0e4fc7,namtpham26,2025-10-24,16:31:21,-07:00,2025-10-24T16:31:21-07:00,4,48
project2\project2_report.html,49,html,9f0e4fc7,namtpham26,2025-10-24,16:31:21,-07:00,2025-10-24T16:31:21-07:00,4,15
project2\project2_report.html,50,html,9f0e4fc7,namtpham26,2025-10-24,16:31:21,-07:00,2025-10-24T16:31:21-07:00,0,0
project2\project2_report.html,51,html,9f0e4fc7,namtpham26,2025-10-24,16:31:21,-07:00,2025-10-24T16:31:21-07:00,4,5
project2\project2_report.html,52,html,9f0e4fc7,namtpham26,2025-10-24,16:31:21,-07:00,2025-10-24T16:31:21-07:00,5,13
project2\project2_report.html,53,html,9f0e4fc7,namtpham26,2025-10-24,16:31:21,-07:00,2025-10-24T16:31:21-07:00,5,17
project2\project2_report.html,54,html,9f0e4fc7,namtpham26,2025-10-24,16:31:21,-07:00,2025-10-24T16:31:21-07:00,5,19
project2\project2_report.html,55,html,9f0e4fc7,namtpham26,2025-10-24,16:31:21,-07:00,2025-10-24T16:31:21-07:00,5,18
project2\project2_report.html,56,html,9f0e4fc7,namtpham26,2025-10-24,16:31:21,-07:00,2025-10-24T16:31:21-07:00,5,11
project2\project2_report.html,57,html,9f0e4fc7,namtpham26,2025-10-24,16:31:21,-07:00,2025-10-24T16:31:21-07:00,5,34
project2\project2_report.html,58,html,9f0e4fc7,namtpham26,2025-10-24,16:31:21,-07:00,2025-10-24T16:31:21-07:00,5,13
project2\project2_report.html,59,html,9f0e4fc7,namtpham26,2025-10-24,16:31:21,-07:00,2025-10-24T16:31:21-07:00,5,24
project2\project2_report.html,60,html,9f0e4fc7,namtpham26,2025-10-24,16:31:21,-07:00,2025-10-24T16:31:21-07:00,5,18
project2\project2_report.html,61,html,9f0e4fc7,namtpham26,2025-10-24,16:31:21,-07:00,2025-10-24T16:31:21-07:00,4,0
project2\project2_report.html,62,html,9f0e4fc7,namtpham26,2025-10-24,16:31:21,-07:00,2025-10-24T16:31:21-07:00,3,0
project2\project2_report.html,63,html,9f0e4fc7,namtpham26,2025-10-24,16:31:21,-07:00,2025-10-24T16:31:21-07:00,0,0
project2\project2_report.html,64,html,9f0e4fc7,namtpham26,2025-10-24,16:31:21,-07:00,2025-10-24T16:31:21-07:00,3,2
project2\project2_report.html,65,html,9f0e4fc7,namtpham26,2025-10-24,16:31:21,-07:00,2025-10-24T16:31:21-07:00,4,14
project2\project2_report.html,66,html,9f0e4fc7,namtpham26,2025-10-24,16:31:21,-07:00,2025-10-24T16:31:21-07:00,4,29
project2\project2_report.html,67,html,9f0e4fc7,namtpham26,2025-10-24,16:31:21,-07:00,2025-10-24T16:31:21-07:00,3,0
project2\project2_report.html,68,html,9f0e4fc7,namtpham26,2025-10-24,16:31:21,-07:00,2025-10-24T16:31:21-07:00,0,0
project2\project2_report.html,69,html,9f0e4fc7,namtpham26,2025-10-24,16:31:21,-07:00,2025-10-24T16:31:21-07:00,3,2
project2\project2_report.html,70,html,9f0e4fc7,namtpham26,2025-10-24,16:31:21,-07:00,2025-10-24T16:31:21-07:00,4,14
project2\project2_report.html,71,html,9f0e4fc7,namtpham26,2025-10-24,16:31:21,-07:00,2025-10-24T16:31:21-07:00,3,0
project2\project2_report.html,72,html,9f0e4fc7,namtpham26,2025-10-24,16:31:21,-07:00,2025-10-24T16:31:21-07:00,0,0
project2\project2_report.html,73,html,9f0e4fc7,namtpham26,2025-10-24,16:31:21,-07:00,2025-10-24T16:31:21-07:00,3,9
project2\project2_report.html,74,html,9f0e4fc7,namtpham26,2025-10-24,16:31:21,-07:00,2025-10-24T16:31:21-07:00,0,0
project2\project2_report.html,75,html,9f0e4fc7,namtpham26,2025-10-24,16:31:21,-07:00,2025-10-24T16:31:21-07:00,3,1
project2\project2_report.html,76,html,9f0e4fc7,namtpham26,2025-10-24,16:31:21,-07:00,2025-10-24T16:31:21-07:00,3,2
project2\project2_report.html,77,html,9f0e4fc7,namtpham26,2025-10-24,16:31:21,-07:00,2025-10-24T16:31:21-07:00,4,24
project2\project2_report.html,78,html,9f0e4fc7,namtpham26,2025-10-24,16:31:21,-07:00,2025-10-24T16:31:21-07:00,3,0
project2\project2_report.html,79,html,9f0e4fc7,namtpham26,2025-10-24,16:31:21,-07:00,2025-10-24T16:31:21-07:00,0,0
project2\project2_report.html,80,html,9f0e4fc7,namtpham26,2025-10-24,16:31:21,-07:00,2025-10-24T16:31:21-07:00,3,2
project2\project2_report.html,81,html,9f0e4fc7,namtpham26,2025-10-24,16:31:21,-07:00,2025-10-24T16:31:21-07:00,4,9
project2\project2_report.html,82,html,9f0e4fc7,namtpham26,2025-10-24,16:31:21,-07:00,2025-10-24T16:31:21-07:00,5,29
project2\project2_report.html,83,html,9f0e4fc7,namtpham26,2025-10-24,16:31:21,-07:00,2025-10-24T16:31:21-07:00,4,0
project2\project2_report.html,84,html,9f0e4fc7,namtpham26,2025-10-24,16:31:21,-07:00,2025-10-24T16:31:21-07:00,0,0
project2\project2_report.html,85,html,9f0e4fc7,namtpham26,2025-10-24,16:31:21,-07:00,2025-10-24T16:31:21-07:00,4,4
project2\project2_report.html,86,html,9f0e4fc7,namtpham26,2025-10-24,16:31:21,-07:00,2025-10-24T16:31:21-07:00,5,16
project2\project2_report.html,87,html,9f0e4fc7,namtpham26,2025-10-24,16:31:21,-07:00,2025-10-24T16:31:21-07:00,4,0
project2\project2_report.html,88,html,9f0e4fc7,namtpham26,2025-10-24,16:31:21,-07:00,2025-10-24T16:31:21-07:00,3,0
project2\project2_report.html,89,html,9f0e4fc7,namtpham26,2025-10-24,16:31:21,-07:00,2025-10-24T16:31:21-07:00,0,0
project2\project2_report.html,90,html,9f0e4fc7,namtpham26,2025-10-24,16:31:21,-07:00,2025-10-24T16:31:21-07:00,3,23
project2\project2_report.html,91,html,9f0e4fc7,namtpham26,2025-10-24,16:31:21,-07:00,2025-10-24T16:31:21-07:00,0,0
project2\project2_report.html,92,html,9f0e4fc7,namtpham26,2025-10-24,16:31:21,-07:00,2025-10-24T16:31:21-07:00,3,6
project2\project2_report.html,93,html,9f0e4fc7,namtpham26,2025-10-24,16:31:21,-07:00,2025-10-24T16:31:21-07:00,4,17
project2\project2_report.html,94,html,9f0e4fc7,namtpham26,2025-10-24,16:31:21,-07:00,2025-10-24T16:31:21-07:00,4,17
project2\project2_report.html,95,html,9f0e4fc7,namtpham26,2025-10-24,16:31:21,-07:00,2025-10-24T16:31:21-07:00,3,0
project2\project2_report.html,96,html,9f0e4fc7,namtpham26,2025-10-24,16:31:21,-07:00,2025-10-24T16:31:21-07:00,0,0
project2\project2_report.html,97,html,9f0e4fc7,namtpham26,2025-10-24,16:31:21,-07:00,2025-10-24T16:31:21-07:00,3,4
project2\project2_report.html,98,html,9f0e4fc7,namtpham26,2025-10-24,16:31:21,-07:00,2025-10-24T16:31:21-07:00,4,16
project2\project2_report.html,99,html,9f0e4fc7,namtpham26,2025-10-24,16:31:21,-07:00,2025-10-24T16:31:21-07:00,4,29
project2\project2_report.html,100,html,9f0e4fc7,namtpham26,2025-10-24,16:31:21,-07:00,2025-10-24T16:31:21-07:00,4,18
project2\project2_report.html,101,html,9f0e4fc7,namtpham26,2025-10-24,16:31:21,-07:00,2025-10-24T16:31:21-07:00,4,19
project2\project2_report.html,102,html,9f0e4fc7,namtpham26,2025-10-24,16:31:21,-07:00,2025-10-24T16:31:21-07:00,3,0
project2\project2_report.html,103,html,9f0e4fc7,namtpham26,2025-10-24,16:31:21,-07:00,2025-10-24T16:31:21-07:00,0,0
project2\project2_report.html,104,html,9f0e4fc7,namtpham26,2025-10-24,16:31:21,-07:00,2025-10-24T16:31:21-07:00,3,11
project2\project2_report.html,105,html,9f0e4fc7,namtpham26,2025-10-24,16:31:21,-07:00,2025-10-24T16:31:21-07:00,0,0
project2\project2_report.html,106,html,9f0e4fc7,namtpham26,2025-10-24,16:31:21,-07:00,2025-10-24T16:31:21-07:00,3,6
project2\project2_report.html,107,html,9f0e4fc7,namtpham26,2025-10-24,16:31:21,-07:00,2025-10-24T16:31:21-07:00,4,12
project2\project2_report.html,108,html,9f0e4fc7,namtpham26,2025-10-24,16:31:21,-07:00,2025-10-24T16:31:21-07:00,4,14
project2\project2_report.html,109,html,9f0e4fc7,namtpham26,2025-10-24,16:31:21,-07:00,2025-10-24T16:31:21-07:00,4,20
project2\project2_report.html,110,html,9f0e4fc7,namtpham26,2025-10-24,16:31:21,-07:00,2025-10-24T16:31:21-07:00,4,40
project2\project2_report.html,111,html,9f0e4fc7,namtpham26,2025-10-24,16:31:21,-07:00,2025-10-24T16:31:21-07:00,4,48
project2\project2_report.html,112,html,9f0e4fc7,namtpham26,2025-10-24,16:31:21,-07:00,2025-10-24T16:31:21-07:00,4,17
project2\project2_report.html,113,html,9f0e4fc7,namtpham26,2025-10-24,16:31:21,-07:00,2025-10-24T16:31:21-07:00,4,16
project2\project2_report.html,114,html,9f0e4fc7,namtpham26,2025-10-24,16:31:21,-07:00,2025-10-24T16:31:21-07:00,0,0
project2\project2_report.html,115,html,9f0e4fc7,namtpham26,2025-10-24,16:31:21,-07:00,2025-10-24T16:31:21-07:00,4,12
project2\project2_report.html,116,html,9f0e4fc7,namtpham26,2025-10-24,16:31:21,-07:00,2025-10-24T16:31:21-07:00,5,29
project2\project2_report.html,117,html,9f0e4fc7,namtpham26,2025-10-24,16:31:21,-07:00,2025-10-24T16:31:21-07:00,5,34
project2\project2_report.html,118,html,9f0e4fc7,namtpham26,2025-10-24,16:31:21,-07:00,2025-10-24T16:31:21-07:00,5,14
project2\project2_report.html,119,html,9f0e4fc7,namtpham26,2025-10-24,16:31:21,-07:00,2025-10-24T16:31:21-07:00,5,14
project2\project2_report.html,120,html,9f0e4fc7,namtpham26,2025-10-24,16:31:21,-07:00,2025-10-24T16:31:21-07:00,5,17
project2\project2_report.html,121,html,9f0e4fc7,namtpham26,2025-10-24,16:31:21,-07:00,2025-10-24T16:31:21-07:00,5,24
project2\project2_report.html,122,html,9f0e4fc7,namtpham26,2025-10-24,16:31:21,-07:00,2025-10-24T16:31:21-07:00,5,15
project2\project2_report.html,123,html,9f0e4fc7,namtpham26,2025-10-24,16:31:21,-07:00,2025-10-24T16:31:21-07:00,0,0
project2\project2_report.html,124,html,9f0e4fc7,namtpham26,2025-10-24,16:31:21,-07:00,2025-10-24T16:31:21-07:00,5,9
project2\project2_report.html,125,html,9f0e4fc7,namtpham26,2025-10-24,16:31:21,-07:00,2025-10-24T16:31:21-07:00,6,38
project2\project2_report.html,126,html,9f0e4fc7,namtpham26,2025-10-24,16:31:21,-07:00,2025-10-24T16:31:21-07:00,6,16
project2\project2_report.html,127,html,9f0e4fc7,namtpham26,2025-10-24,16:31:21,-07:00,2025-10-24T16:31:21-07:00,6,29
project2\project2_report.html,128,html,9f0e4fc7,namtpham26,2025-10-24,16:31:21,-07:00,2025-10-24T16:31:21-07:00,5,0
project2\project2_report.html,129,html,9f0e4fc7,namtpham26,2025-10-24,16:31:21,-07:00,2025-10-24T16:31:21-07:00,0,0
project2\project2_report.html,130,html,9f0e4fc7,namtpham26,2025-10-24,16:31:21,-07:00,2025-10-24T16:31:21-07:00,5,30
project2\project2_report.html,131,html,9f0e4fc7,namtpham26,2025-10-24,16:31:21,-07:00,2025-10-24T16:31:21-07:00,6,13
project2\project2_report.html,132,html,9f0e4fc7,namtpham26,2025-10-24,16:31:21,-07:00,2025-10-24T16:31:21-07:00,6,25
project2\project2_report.html,133,html,9f0e4fc7,namtpham26,2025-10-24,16:31:21,-07:00,2025-10-24T16:31:21-07:00,6,31
project2\project2_report.html,134,html,9f0e4fc7,namtpham26,2025-10-24,16:31:21,-07:00,2025-10-24T16:31:21-07:00,7,5
project2\project2_report.html,135,html,9f0e4fc7,namtpham26,2025-10-24,16:31:21,-07:00,2025-10-24T16:31:21-07:00,7,11
project2\project2_report.html,136,html,9f0e4fc7,namtpham26,2025-10-24,16:31:21,-07:00,2025-10-24T16:31:21-07:00,7,13
project2\project2_report.html,137,html,9f0e4fc7,namtpham26,2025-10-24,16:31:21,-07:00,2025-10-24T16:31:21-07:00,6,0
project2\project2_report.html,138,html,9f0e4fc7,namtpham26,2025-10-24,16:31:21,-07:00,2025-10-24T16:31:21-07:00,5,0
project2\project2_report.html,139,html,9f0e4fc7,namtpham26,2025-10-24,16:31:21,-07:00,2025-10-24T16:31:21-07:00,4,0
project2\project2_report.html,140,html,9f0e4fc7,namtpham26,2025-10-24,16:31:21,-07:00,2025-10-24T16:31:21-07:00,3,0
project2\project2_report.html,141,html,9f0e4fc7,namtpham26,2025-10-24,16:31:21,-07:00,2025-10-24T16:31:21-07:00,2,6
project2\project2_report.html,142,html,9f0e4fc7,namtpham26,2025-10-24,16:31:21,-07:00,2025-10-24T16:31:21-07:00,2,3
project2\project2_report.html,143,html,9f0e4fc7,namtpham26,2025-10-24,16:31:21,-07:00,2025-10-24T16:31:21-07:00,3,32
project2\project2_report.html,144,html,9f0e4fc7,namtpham26,2025-10-24,16:31:21,-07:00,2025-10-24T16:31:21-07:00,2,4
project2\project2_report.html,145,html,9f0e4fc7,namtpham26,2025-10-24,16:31:21,-07:00,2025-10-24T16:31:21-07:00,1,5
project2\project2_report.html,146,html,9f0e4fc7,namtpham26,2025-10-24,16:31:21,-07:00,2025-10-24T16:31:21-07:00,0,0
project2\project2_report.html,147,html,9f0e4fc7,namtpham26,2025-10-24,16:31:21,-07:00,2025-10-24T16:31:21-07:00,1,4
project2\project2_report.html,148,html,9f0e4fc7,namtpham26,2025-10-24,16:31:21,-07:00,2025-10-24T16:31:21-07:00,2,6
project2\project2_report.html,149,html,9f0e4fc7,namtpham26,2025-10-24,16:31:21,-07:00,2025-10-24T16:31:21-07:00,3,2
project2\project2_report.html,150,html,9f0e4fc7,namtpham26,2025-10-24,16:31:21,-07:00,2025-10-24T16:31:21-07:00,4,25
project2\project2_report.html,151,html,9f0e4fc7,namtpham26,2025-10-24,16:31:21,-07:00,2025-10-24T16:31:21-07:00,4,36
project2\project2_report.html,152,html,9f0e4fc7,namtpham26,2025-10-24,16:31:21,-07:00,2025-10-24T16:31:21-07:00,3,3
project2\project2_report.html,153,html,9f0e4fc7,namtpham26,2025-10-24,16:31:21,-07:00,2025-10-24T16:31:21-07:00,0,0
project2\project2_report.html,154,html,9f0e4fc7,namtpham26,2025-10-24,16:31:21,-07:00,2025-10-24T16:31:21-07:00,3,57
project2\project2_report.html,155,html,9f0e4fc7,namtpham26,2025-10-24,16:31:21,-07:00,2025-10-24T16:31:21-07:00,2,7
project2\project2_report.html,156,html,9f0e4fc7,namtpham26,2025-10-24,16:31:21,-07:00,2025-10-24T16:31:21-07:00,0,0
project2\project2_report.html,157,html,9f0e4fc7,namtpham26,2025-10-24,16:31:21,-07:00,2025-10-24T16:31:21-07:00,2,4
project2\project2_report.html,158,html,9f0e4fc7,namtpham26,2025-10-24,16:31:21,-07:00,2025-10-24T16:31:21-07:00,3,43
project2\project2_report.html,159,html,9f0e4fc7,namtpham26,2025-10-24,16:31:21,-07:00,2025-10-24T16:31:21-07:00,0,0
project2\project2_report.html,160,html,9f0e4fc7,namtpham26,2025-10-24,16:31:21,-07:00,2025-10-24T16:31:21-07:00,3,7
project2\project2_report.html,161,html,9f0e4fc7,namtpham26,2025-10-24,16:31:21,-07:00,2025-10-24T16:31:21-07:00,4,26
project2\project2_report.html,162,html,9f0e4fc7,namtpham26,2025-10-24,16:31:21,-07:00,2025-10-24T16:31:21-07:00,0,0
project2\project2_report.html,163,html,9f0e4fc7,namtpham26,2025-10-24,16:31:21,-07:00,2025-10-24T16:31:21-07:00,4,6
project2\project2_report.html,164,html,9f0e4fc7,namtpham26,2025-10-24,16:31:21,-07:00,2025-10-24T16:31:21-07:00,5,32
project2\project2_report.html,165,html,9f0e4fc7,namtpham26,2025-10-24,16:31:21,-07:00,2025-10-24T16:31:21-07:00,5,260
project2\project2_report.html,166,html,9f0e4fc7,namtpham26,2025-10-24,16:31:21,-07:00,2025-10-24T16:31:21-07:00,4,7
project2\project2_report.html,167,html,9f0e4fc7,namtpham26,2025-10-24,16:31:21,-07:00,2025-10-24T16:31:21-07:00,0,0
project2\project2_report.html,168,html,9f0e4fc7,namtpham26,2025-10-24,16:31:21,-07:00,2025-10-24T16:31:21-07:00,4,36
project2\project2_report.html,169,html,9f0e4fc7,namtpham26,2025-10-24,16:31:21,-07:00,2025-10-24T16:31:21-07:00,0,0
project2\project2_report.html,170,html,9f0e4fc7,namtpham26,2025-10-24,16:31:21,-07:00,2025-10-24T16:31:21-07:00,4,2
project2\project2_report.html,171,html,9f0e4fc7,namtpham26,2025-10-24,16:31:21,-07:00,2025-10-24T16:31:21-07:00,5,171
project2\project2_report.html,172,html,9f0e4fc7,namtpham26,2025-10-24,16:31:21,-07:00,2025-10-24T16:31:21-07:00,5,292
project2\project2_report.html,173,html,9f0e4fc7,namtpham26,2025-10-24,16:31:21,-07:00,2025-10-24T16:31:21-07:00,5,184
project2\project2_report.html,174,html,9f0e4fc7,namtpham26,2025-10-24,16:31:21,-07:00,2025-10-24T16:31:21-07:00,4,3
project2\project2_report.html,175,html,9f0e4fc7,namtpham26,2025-10-24,16:31:21,-07:00,2025-10-24T16:31:21-07:00,3,8
project2\project2_report.html,176,html,9f0e4fc7,namtpham26,2025-10-24,16:31:21,-07:00,2025-10-24T16:31:21-07:00,0,0
project2\project2_report.html,177,html,9f0e4fc7,namtpham26,2025-10-24,16:31:21,-07:00,2025-10-24T16:31:21-07:00,3,7
project2\project2_report.html,178,html,9f0e4fc7,namtpham26,2025-10-24,16:31:21,-07:00,2025-10-24T16:31:21-07:00,4,30
project2\project2_report.html,179,html,9f0e4fc7,namtpham26,2025-10-24,16:31:21,-07:00,2025-10-24T16:31:21-07:00,0,0
project2\project2_report.html,180,html,9f0e4fc7,namtpham26,2025-10-24,16:31:21,-07:00,2025-10-24T16:31:21-07:00,4,6
project2\project2_report.html,181,html,9f0e4fc7,namtpham26,2025-10-24,16:31:21,-07:00,2025-10-24T16:31:21-07:00,5,36
project2\project2_report.html,182,html,9f0e4fc7,namtpham26,2025-10-24,16:31:21,-07:00,2025-10-24T16:31:21-07:00,5,121
project2\project2_report.html,183,html,9f0e4fc7,namtpham26,2025-10-24,16:31:21,-07:00,2025-10-24T16:31:21-07:00,4,7
project2\project2_report.html,184,html,9f0e4fc7,namtpham26,2025-10-24,16:31:21,-07:00,2025-10-24T16:31:21-07:00,0,0
project2\project2_report.html,185,html,9f0e4fc7,namtpham26,2025-10-24,16:31:21,-07:00,2025-10-24T16:31:21-07:00,4,36
project2\project2_report.html,186,html,9f0e4fc7,namtpham26,2025-10-24,16:31:21,-07:00,2025-10-24T16:31:21-07:00,0,0
project2\project2_report.html,187,html,9f0e4fc7,namtpham26,2025-10-24,16:31:21,-07:00,2025-10-24T16:31:21-07:00,4,2
project2\project2_report.html,188,html,9f0e4fc7,namtpham26,2025-10-24,16:31:21,-07:00,2025-10-24T16:31:21-07:00,5,177
project2\project2_report.html,189,html,9f0e4fc7,namtpham26,2025-10-24,16:31:21,-07:00,2025-10-24T16:31:21-07:00,5,209
project2\project2_report.html,190,html,9f0e4fc7,namtpham26,2025-10-24,16:31:21,-07:00,2025-10-24T16:31:21-07:00,5,269
project2\project2_report.html,191,html,9f0e4fc7,namtpham26,2025-10-24,16:31:21,-07:00,2025-10-24T16:31:21-07:00,4,3
project2\project2_report.html,192,html,9f0e4fc7,namtpham26,2025-10-24,16:31:21,-07:00,2025-10-24T16:31:21-07:00,3,8
project2\project2_report.html,193,html,9f0e4fc7,namtpham26,2025-10-24,16:31:21,-07:00,2025-10-24T16:31:21-07:00,0,0
project2\project2_report.html,194,html,9f0e4fc7,namtpham26,2025-10-24,16:31:21,-07:00,2025-10-24T16:31:21-07:00,3,7
project2\project2_report.html,195,html,9f0e4fc7,namtpham26,2025-10-24,16:31:21,-07:00,2025-10-24T16:31:21-07:00,4,23
project2\project2_report.html,196,html,9f0e4fc7,namtpham26,2025-10-24,16:31:21,-07:00,2025-10-24T16:31:21-07:00,0,0
project2\project2_report.html,197,html,9f0e4fc7,namtpham26,2025-10-24,16:31:21,-07:00,2025-10-24T16:31:21-07:00,4,709
project2\project2_report.html,198,html,9f0e4fc7,namtpham26,2025-10-24,16:31:21,-07:00,2025-10-24T16:31:21-07:00,4,615
project2\project2_report.html,199,html,9f0e4fc7,namtpham26,2025-10-24,16:31:21,-07:00,2025-10-24T16:31:21-07:00,4,433
project2\project2_report.html,200,html,9f0e4fc7,namtpham26,2025-10-24,16:31:21,-07:00,2025-10-24T16:31:21-07:00,3,8
project2\project2_report.html,201,html,9f0e4fc7,namtpham26,2025-10-24,16:31:21,-07:00,2025-10-24T16:31:21-07:00,2,5
project2\project2_report.html,202,html,9f0e4fc7,namtpham26,2025-10-24,16:31:21,-07:00,2025-10-24T16:31:21-07:00,1,5
project2\project2_report.html,203,html,9f0e4fc7,namtpham26,2025-10-24,16:31:21,-07:00,2025-10-24T16:31:21-07:00,0,5
contact\index.html,1,html,018338c1,namtpham26,2025-10-03,03:48:20,-07:00,2025-10-03T03:48:20-07:00,0,13
contact\index.html,2,html,018338c1,namtpham26,2025-10-03,03:48:20,-07:00,2025-10-03T03:48:20-07:00,0,14
contact\index.html,3,html,018338c1,namtpham26,2025-10-03,03:48:20,-07:00,2025-10-03T03:48:20-07:00,0,4
contact\index.html,4,html,018338c1,namtpham26,2025-10-03,03:48:20,-07:00,2025-10-03T03:48:20-07:00,2,20
contact\index.html,5,html,018338c1,namtpham26,2025-10-03,03:48:20,-07:00,2025-10-03T03:48:20-07:00,2,68
contact\index.html,6,html,018338c1,namtpham26,2025-10-03,03:48:20,-07:00,2025-10-03T03:48:20-07:00,2,20
contact\index.html,7,html,ecb8fb73,namtpham26,2025-10-14,18:12:55,-07:00,2025-10-14T18:12:55-07:00,2,8
contact\index.html,8,html,908f7a01,namtpham26,2025-10-09,07:03:32,-07:00,2025-10-09T07:03:32-07:00,4,32
contact\index.html,9,html,908f7a01,namtpham26,2025-10-09,07:03:32,-07:00,2025-10-09T07:03:32-07:00,4,45
contact\index.html,10,html,ecb8fb73,namtpham26,2025-10-14,18:12:55,-07:00,2025-10-14T18:12:55-07:00,4,43
contact\index.html,11,html,908f7a01,namtpham26,2025-10-09,07:03:32,-07:00,2025-10-09T07:03:32-07:00,4,41
contact\index.html,12,html,018338c1,namtpham26,2025-10-03,03:48:20,-07:00,2025-10-03T03:48:20-07:00,4,39
contact\index.html,13,html,018338c1,namtpham26,2025-10-03,03:48:20,-07:00,2025-10-03T03:48:20-07:00,6,15
contact\index.html,14,html,908f7a01,namtpham26,2025-10-09,07:03:32,-07:00,2025-10-09T07:03:32-07:00,6,5
contact\index.html,15,html,018338c1,namtpham26,2025-10-03,03:48:20,-07:00,2025-10-03T03:48:20-07:00,4,2
contact\index.html,16,html,ecb8fb73,namtpham26,2025-10-14,18:12:55,-07:00,2025-10-14T18:12:55-07:00,2,8
contact\index.html,17,html,908f7a01,namtpham26,2025-10-09,07:03:32,-07:00,2025-10-09T07:03:32-07:00,2,45
contact\index.html,18,html,20b6f8ff,namtpham26,2025-10-23,11:11:28,-07:00,2025-10-23T11:11:28-07:00,2,52
contact\index.html,19,html,018338c1,namtpham26,2025-10-03,03:48:20,-07:00,2025-10-03T03:48:20-07:00,0,5
contact\index.html,20,html,018338c1,namtpham26,2025-10-03,03:48:20,-07:00,2025-10-03T03:48:20-07:00,0,4
contact\index.html,21,html,908f7a01,namtpham26,2025-10-09,07:03:32,-07:00,2025-10-09T07:03:32-07:00,2,17
contact\index.html,22,html,ecb8fb73,namtpham26,2025-10-14,18:12:55,-07:00,2025-10-14T18:12:55-07:00,2,49
contact\index.html,23,html,018338c1,namtpham26,2025-10-03,03:48:20,-07:00,2025-10-03T03:48:20-07:00,4,29
contact\index.html,24,html,ecb8fb73,namtpham26,2025-10-14,18:12:55,-07:00,2025-10-14T18:12:55-07:00,6,22
contact\index.html,25,html,018338c1,namtpham26,2025-10-03,03:48:20,-07:00,2025-10-03T03:48:20-07:00,4,6
contact\index.html,26,html,ecb8fb73,namtpham26,2025-10-14,18:12:55,-07:00,2025-10-14T18:12:55-07:00,4,26
contact\index.html,27,html,018338c1,namtpham26,2025-10-03,03:48:20,-07:00,2025-10-03T03:48:20-07:00,6,33
contact\index.html,28,html,018338c1,namtpham26,2025-10-03,03:48:20,-07:00,2025-10-03T03:48:20-07:00,4,6
contact\index.html,29,html,018338c1,namtpham26,2025-10-03,03:48:20,-07:00,2025-10-03T03:48:20-07:00,4,21
contact\index.html,30,html,ecb8fb73,namtpham26,2025-10-14,18:12:55,-07:00,2025-10-14T18:12:55-07:00,2,5
contact\index.html,31,html,ecb8fb73,namtpham26,2025-10-14,18:12:55,-07:00,2025-10-14T18:12:55-07:00,2,36
contact\index.html,32,html,018338c1,namtpham26,2025-10-03,03:48:20,-07:00,2025-10-03T03:48:20-07:00,0,5
contact\index.html,33,html,018338c1,namtpham26,2025-10-03,03:48:20,-07:00,2025-10-03T03:48:20-07:00,0,5
